company,model,year,kms_driven,fuel_type,owner,transmission,price
Maruti,Swift,2008,251337,Petrol,First Owner,Manual,42800
Maruti,Swift,2022,36004,Petrol,Second Owner,Manual,318500
Maruti,Swift,2012,183145,Petrol,Second Owner,Manual,80300
Maruti,Swift,2019,79937,CNG,First Owner,Automatic,285300
Maruti,Swift,2010,212664,Petrol,First Owner,Automatic,66300
Maruti,Swift,2017,103087,Petrol,First Owner,Manual,194200
Maruti,Swift,2006,273740,Diesel,First Owner,Manual,45500
Maruti,Swift,2016,115163,CNG,First Owner,Manual,162800
Maruti,Swift,2014,170662,Petrol,First Owner,Manual,130400
Maruti,Swift,2010,213541,Diesel,First Owner,Manual,70500
Maruti,Swift,2007,256206,CNG,First Owner,Manual,36600
Maruti,Swift,2022,31896,Petrol,Second Owner,Automatic,404600
Maruti,Swift,2012,191307,Diesel,First Owner,Manual,108100
Maruti,Swift,2015,126980,Petrol,Second Owner,Manual,135100
Maruti,Swift,2019,82735,CNG,Second Owner,Manual,213000
Maruti,Swift,2023,23430,Diesel,First Owner,Automatic,496400
Maruti,Swift,2020,67090,Petrol,First Owner,Manual,311500
Maruti,Swift,2007,261343,Diesel,First Owner,Automatic,50100
Maruti,Swift,2022,35779,CNG,First Owner,Automatic,420100
Maruti,Swift,2015,139067,Petrol,First Owner,Manual,127800
Maruti,Swift,2013,183343,CNG,Third Owner,Automatic,81200
Maruti,Swift,2021,47618,CNG,First Owner,Manual,305600
Maruti,Swift,2021,59426,Diesel,First Owner,Automatic,429500
Maruti,Swift,2014,149700,Petrol,First Owner,Automatic,148500
Maruti,Swift,2007,258330,CNG,Second Owner,Manual,35000
Maruti,Swift,2022,20374,Petrol,First Owner,Automatic,458800
Maruti,Swift,2011,212105,CNG,First Owner,Manual,77800
Maruti,Swift,2016,119202,Diesel,Third Owner,Manual,131200
Maruti,Swift,2007,254397,Petrol,Second Owner,Manual,37100
Maruti,Swift,2006,284067,Petrol,First Owner,Manual,40100
Maruti,Swift,2021,50895,Petrol,First Owner,Manual,367900
Maruti,Swift,2023,31862,Diesel,First Owner,Manual,449300
Maruti,Swift,2008,251968,Diesel,First Owner,Automatic,46300
Maruti,Swift,2008,249860,Petrol,First Owner,Manual,43600
Maruti,Swift,2012,188558,Petrol,First Owner,Manual,89800
Maruti,Swift,2007,269257,Diesel,Second Owner,Automatic,40600
Maruti,Swift,2022,45850,Petrol,First Owner,Manual,359700
Maruti,Swift,2017,91919,Petrol,First Owner,Manual,209500
Maruti,Swift,2019,77285,CNG,Third Owner,Manual,192200
Maruti,Swift,2009,242053,Petrol,First Owner,Automatic,54600
Maruti,Swift,2022,41437,Petrol,Second Owner,Manual,352500
Maruti,Swift,2010,217593,Petrol,Third Owner,Manual,45100
Maruti,Swift,2007,257347,Petrol,Third Owner,Manual,35000
Maruti,Swift,2006,269776,CNG,First Owner,Manual,38300
Maruti,Swift,2015,144959,CNG,First Owner,Manual,120200
Maruti,Swift,2014,152843,Diesel,First Owner,Automatic,139500
Maruti,Swift,2019,72547,Petrol,First Owner,Manual,264500
Maruti,Swift,2016,117899,Petrol,Third Owner,Manual,120500
Maruti,Swift,2022,31833,CNG,First Owner,Manual,369200
Maruti,Swift,2008,234461,Petrol,First Owner,Automatic,48000
Maruti,Swift,2009,228474,CNG,First Owner,Manual,46800
Maruti,Swift,2021,60794,Diesel,First Owner,Automatic,373700
Maruti,Swift,2018,96148,Diesel,Second Owner,Manual,205700
Maruti,Swift,2019,77890,CNG,Second Owner,Manual,201500
Maruti,Swift,2009,215442,CNG,Second Owner,Manual,35700
Maruti,Swift,2016,120711,Petrol,Third Owner,Manual,120500
Maruti,Swift,2008,238785,Diesel,Third Owner,Manual,35700
Maruti,Swift,2012,193150,Petrol,Third Owner,Automatic,83300
Maruti,Swift,2005,297808,Diesel,Second Owner,Automatic,45600
Maruti,Swift,2013,186422,Petrol,Second Owner,Manual,100100
Maruti,Baleno,2020,67539,Diesel,First Owner,Automatic,387300
Maruti,Baleno,2012,199513,Petrol,Second Owner,Manual,78500
Maruti,Baleno,2007,266332,CNG,First Owner,Manual,40000
Maruti,Baleno,2015,138663,Petrol,First Owner,Automatic,147500
Maruti,Baleno,2013,180469,Diesel,Second Owner,Manual,103800
Maruti,Baleno,2021,52566,Petrol,First Owner,Manual,330800
Maruti,Baleno,2018,113234,CNG,Second Owner,Automatic,194000
Maruti,Baleno,2011,200193,Diesel,First Owner,Automatic,101200
Maruti,Baleno,2015,137862,Diesel,First Owner,Manual,145800
Maruti,Baleno,2014,151468,CNG,First Owner,Manual,121900
Maruti,Baleno,2010,209936,CNG,Second Owner,Manual,48300
Maruti,Baleno,2023,15506,CNG,Second Owner,Manual,355300
Maruti,Baleno,2011,185820,CNG,First Owner,Manual,72300
Maruti,Baleno,2015,139002,Petrol,Second Owner,Automatic,139100
Maruti,Baleno,2012,186571,Petrol,First Owner,Manual,98700
Maruti,Baleno,2007,255765,Diesel,First Owner,Manual,42400
Maruti,Baleno,2017,104020,CNG,Second Owner,Automatic,190500
Maruti,Baleno,2008,245211,Diesel,First Owner,Automatic,51500
Maruti,Baleno,2019,85757,Petrol,First Owner,Automatic,297700
Maruti,Baleno,2022,36879,CNG,First Owner,Automatic,398500
Maruti,Baleno,2021,34383,Diesel,Third Owner,Manual,298200
Maruti,Baleno,2013,177742,Petrol,Second Owner,Manual,98700
Maruti,Baleno,2020,60517,Petrol,Second Owner,Manual,263700
Maruti,Baleno,2022,30417,Petrol,First Owner,Manual,412300
Maruti,Baleno,2011,207528,CNG,First Owner,Manual,75900
Maruti,Baleno,2017,113214,CNG,Third Owner,Manual,140200
Maruti,Baleno,2023,19364,Diesel,First Owner,Manual,507300
Maruti,Baleno,2018,95594,CNG,Second Owner,Manual,185700
Maruti,Baleno,2012,178630,Diesel,First Owner,Manual,103900
Maruti,Baleno,2017,110471,CNG,First Owner,Manual,168100
Maruti,Baleno,2022,42892,CNG,Second Owner,Manual,301800
Maruti,Baleno,2019,81350,Petrol,First Owner,Manual,252000
Maruti,Baleno,2015,131398,Diesel,Second Owner,Automatic,143400
Maruti,Baleno,2007,274036,Diesel,First Owner,Manual,48100
Maruti,Baleno,2016,125486,CNG,First Owner,Manual,143800
Maruti,Baleno,2005,292976,CNG,First Owner,Manual,39000
Maruti,Baleno,2023,28470,Diesel,Second Owner,Manual,408700
Maruti,Baleno,2008,242115,Petrol,Third Owner,Manual,35000
Maruti,Baleno,2014,139467,Diesel,First Owner,Manual,124600
Maruti,Baleno,2012,176987,Petrol,Second Owner,Manual,83700
Maruti,Baleno,2008,247959,Petrol,First Owner,Manual,40400
Maruti,Baleno,2021,40097,CNG,First Owner,Automatic,391900
Maruti,Baleno,2008,238065,Diesel,Second Owner,Manual,40200
Maruti,Baleno,2013,173077,CNG,Second Owner,Manual,86700
Maruti,Baleno,2018,99910,Diesel,Third Owner,Automatic,189300
Maruti,Baleno,2019,70471,Petrol,Second Owner,Manual,247800
Maruti,Baleno,2015,155356,Petrol,First Owner,Manual,133500
Maruti,Baleno,2013,172799,CNG,Second Owner,Manual,80100
Maruti,Baleno,2011,210963,Diesel,Second Owner,Manual,73400
Maruti,Baleno,2020,71540,Diesel,Second Owner,Manual,266600
Maruti,Baleno,2012,181347,Diesel,Second Owner,Manual,94800
Maruti,Baleno,2022,44908,Diesel,First Owner,Manual,396000
Maruti,Baleno,2012,188799,Petrol,Second Owner,Automatic,93900
Maruti,Baleno,2011,203597,Petrol,Second Owner,Manual,69200
Maruti,Baleno,2021,31574,Petrol,First Owner,Manual,361700
Maruti,Baleno,2022,22172,Petrol,First Owner,Automatic,465500
Maruti,Baleno,2009,221337,Petrol,Third Owner,Manual,35900
Maruti,Baleno,2019,69809,Diesel,First Owner,Manual,321600
Maruti,Baleno,2020,67217,Diesel,First Owner,Manual,303500
Maruti,Baleno,2009,231932,CNG,Third Owner,Manual,35000
Maruti,Alto,2022,35989,CNG,First Owner,Manual,357400
Maruti,Alto,2019,69121,Diesel,Third Owner,Automatic,245200
Maruti,Alto,2006,264861,Petrol,Second Owner,Manual,35000
Maruti,Alto,2012,176652,Petrol,Second Owner,Manual,80200
Maruti,Alto,2020,63511,CNG,First Owner,Automatic,295000
Maruti,Alto,2012,190611,Diesel,Second Owner,Manual,90100
Maruti,Alto,2011,191056,CNG,First Owner,Manual,68000
Maruti,Alto,2006,279547,Petrol,Second Owner,Manual,37700
Maruti,Alto,2014,146652,Diesel,Second Owner,Automatic,130200
Maruti,Alto,2020,68356,Diesel,First Owner,Manual,321700
Maruti,Alto,2015,138543,Petrol,Third Owner,Automatic,118100
Maruti,Alto,2005,288889,CNG,Second Owner,Manual,35000
Maruti,Alto,2010,203583,Diesel,First Owner,Manual,69800
Maruti,Alto,2020,67140,Petrol,First Owner,Manual,294100
Maruti,Alto,2008,249483,CNG,First Owner,Manual,37300
Maruti,Alto,2022,29420,Petrol,First Owner,Manual,390000
Maruti,Alto,2017,119870,Petrol,Second Owner,Manual,158400
Maruti,Alto,2011,188791,CNG,First Owner,Automatic,82400
Maruti,Alto,2006,277905,Diesel,First Owner,Manual,41900
Maruti,Alto,2012,194671,CNG,First Owner,Manual,86700
Maruti,Alto,2007,262430,Petrol,First Owner,Manual,43400
Maruti,Alto,2020,80158,CNG,First Owner,Manual,259400
Maruti,Alto,2020,70933,CNG,First Owner,Manual,278300
Maruti,Alto,2009,229259,Petrol,First Owner,Automatic,53200
Maruti,Alto,2021,49938,CNG,First Owner,Manual,345700
Maruti,Alto,2020,65570,Petrol,First Owner,Manual,296600
Maruti,Alto,2022,21671,Petrol,Third Owner,Manual,303800
Maruti,Alto,2018,107963,Petrol,First Owner,Manual,228600
Maruti,Alto,2017,101088,CNG,Third Owner,Manual,130300
Maruti,Alto,2021,57750,CNG,First Owner,Manual,327300
Maruti,Alto,2008,236277,CNG,First Owner,Automatic,45700
Maruti,Alto,2007,258564,Diesel,Second Owner,Manual,39500
Maruti,Alto,2017,100799,CNG,Third Owner,Manual,136800
Maruti,Alto,2020,52363,CNG,First Owner,Manual,302400
Maruti,Alto,2014,168257,Diesel,Third Owner,Automatic,115900
Maruti,Alto,2008,244785,Diesel,First Owner,Manual,41200
Maruti,Alto,2015,141905,Diesel,First Owner,Manual,147900
Maruti,Alto,2010,208611,Petrol,First Owner,Manual,62100
Maruti,Alto,2012,174417,Petrol,First Owner,Manual,89800
Maruti,Alto,2005,290155,Diesel,Third Owner,Manual,35000
Maruti,Alto,2019,102326,Diesel,Second Owner,Manual,215500
Maruti,Alto,2014,146999,Petrol,Third Owner,Automatic,97400
Maruti,Alto,2017,100587,CNG,First Owner,Automatic,215900
Maruti,Alto,2013,165431,Petrol,Second Owner,Manual,98200
Maruti,Alto,2006,286196,Diesel,Second Owner,Manual,40600
Maruti,Alto,2012,177955,CNG,First Owner,Manual,89500
Maruti,Alto,2009,218021,CNG,First Owner,Automatic,45900
Maruti,Alto,2016,112522,CNG,First Owner,Automatic,175300
Maruti,Alto,2018,96918,CNG,Third Owner,Manual,156500
Maruti,Alto,2013,173803,Petrol,First Owner,Automatic,121300
Maruti,Alto,2014,154842,Petrol,First Owner,Manual,128800
Maruti,Alto,2012,177725,CNG,Second Owner,Automatic,90100
Maruti,Alto,2022,25591,Petrol,First Owner,Manual,398500
Maruti,Alto,2013,180567,CNG,First Owner,Manual,97900
Maruti,Alto,2012,174056,CNG,First Owner,Manual,88100
Maruti,Alto,2019,81982,CNG,First Owner,Manual,228400
Maruti,Alto,2006,271878,Petrol,First Owner,Manual,40500
Maruti,Alto,2016,133780,CNG,Third Owner,Manual,107700
Maruti,Alto,2023,19774,Diesel,Second Owner,Automatic,473100
Maruti,Alto,2013,165370,Petrol,Second Owner,Manual,93700
Maruti,WagonR,2012,187251,CNG,First Owner,Automatic,98600
Maruti,WagonR,2006,272114,Diesel,First Owner,Automatic,53500
Maruti,WagonR,2019,84632,CNG,Second Owner,Manual,217900
Maruti,WagonR,2012,188008,Petrol,Second Owner,Manual,85600
Maruti,WagonR,2022,36484,Petrol,First Owner,Manual,415900
Maruti,WagonR,2005,295379,Diesel,Third Owner,Manual,35000
Maruti,WagonR,2013,171158,Petrol,First Owner,Manual,113600
Maruti,WagonR,2023,16317,Diesel,First Owner,Manual,453700
Maruti,WagonR,2018,81939,Diesel,First Owner,Manual,266900
Maruti,WagonR,2019,77839,CNG,First Owner,Manual,255900
Maruti,WagonR,2021,46338,Petrol,First Owner,Manual,347500
Maruti,WagonR,2008,255888,Diesel,Second Owner,Manual,41200
Maruti,WagonR,2015,137707,Diesel,Second Owner,Manual,134900
Maruti,WagonR,2017,108144,CNG,First Owner,Manual,184000
Maruti,WagonR,2008,246054,CNG,Second Owner,Automatic,38300
Maruti,WagonR,2011,196200,Diesel,First Owner,Manual,82500
Maruti,WagonR,2019,69593,Diesel,First Owner,Manual,294600
Maruti,WagonR,2009,237688,CNG,Third Owner,Manual,35000
Maruti,WagonR,2007,247974,Diesel,Second Owner,Manual,39300
Maruti,WagonR,2022,40486,CNG,First Owner,Manual,345900
Maruti,WagonR,2018,103638,Diesel,Second Owner,Manual,208600
Maruti,WagonR,2011,190576,Petrol,Second Owner,Manual,63900
Maruti,WagonR,2022,25865,CNG,First Owner,Manual,377800
Maruti,WagonR,2022,45031,Petrol,Second Owner,Manual,339200
Maruti,WagonR,2005,295275,Diesel,Third Owner,Manual,35000
Maruti,WagonR,2009,241288,CNG,Second Owner,Manual,40000
Maruti,WagonR,2005,298247,Diesel,First Owner,Manual,43600
Maruti,WagonR,2015,145362,CNG,Second Owner,Automatic,117600
Maruti,WagonR,2006,272068,CNG,First Owner,Manual,37400
Maruti,WagonR,2011,194337,CNG,First Owner,Manual,69600
Maruti,WagonR,2023,8175,Petrol,First Owner,Automatic,478100
Maruti,WagonR,2011,200995,Diesel,Third Owner,Automatic,74100
Maruti,WagonR,2014,154530,CNG,First Owner,Manual,114400
Maruti,WagonR,2012,185878,CNG,Second Owner,Manual,73100
Maruti,WagonR,2017,111519,Petrol,First Owner,Manual,187400
Maruti,WagonR,2018,93204,CNG,First Owner,Manual,205300
Maruti,WagonR,2017,117029,CNG,First Owner,Manual,168700
Maruti,WagonR,2018,95926,Petrol,First Owner,Manual,228800
Maruti,WagonR,2017,119095,Petrol,First Owner,Manual,185700
Maruti,WagonR,2008,235377,CNG,First Owner,Automatic,41500
Maruti,WagonR,2009,230387,Petrol,First Owner,Manual,50100
Maruti,WagonR,2007,264485,Petrol,Third Owner,Manual,35000
Maruti,WagonR,2023,20541,CNG,Second Owner,Automatic,383400
Maruti,WagonR,2015,131283,Petrol,First Owner,Manual,145000
Maruti,WagonR,2013,163744,Petrol,First Owner,Manual,100900
Maruti,WagonR,2014,150951,Petrol,Second Owner,Automatic,112700
Maruti,WagonR,2021,42114,CNG,Third Owner,Manual,259900
Maruti,WagonR,2011,206997,Diesel,Second Owner,Manual,79000
Maruti,WagonR,2019,93637,Diesel,Third Owner,Manual,206700
Maruti,WagonR,2006,285374,Petrol,Second Owner,Automatic,40300
Maruti,WagonR,2010,203262,Diesel,First Owner,Manual,69400
Maruti,WagonR,2015,153500,Petrol,First Owner,Manual,136400
Maruti,WagonR,2013,168078,CNG,Third Owner,Manual,75900
Maruti,WagonR,2009,218462,Diesel,First Owner,Manual,53300
Maruti,WagonR,2009,214399,Diesel,Second Owner,Manual,44000
Maruti,WagonR,2009,219391,CNG,Second Owner,Automatic,46600
Maruti,WagonR,2021,59923,CNG,First Owner,Manual,291700
Maruti,WagonR,2011,206603,Diesel,Third Owner,Manual,60700
Maruti,WagonR,2009,233767,Petrol,First Owner,Manual,50000
Maruti,WagonR,2021,55539,Petrol,Second Owner,Automatic,337800
Maruti,Dzire,2017,112859,CNG,Second Owner,Automatic,162800
Maruti,Dzire,2019,84165,Petrol,First Owner,Manual,249800
Maruti,Dzire,2019,69732,Diesel,First Owner,Manual,322900
Maruti,Dzire,2020,56441,Petrol,First Owner,Automatic,382100
Maruti,Dzire,2019,81691,CNG,First Owner,Automatic,285600
Maruti,Dzire,2009,216220,Diesel,First Owner,Manual,50900
Maruti,Dzire,2008,242685,Petrol,First Owner,Automatic,44500
Maruti,Dzire,2021,40645,Petrol,Second Owner,Manual,334600
Maruti,Dzire,2019,93828,Diesel,First Owner,Manual,257700
Maruti,Dzire,2007,247751,Diesel,First Owner,Manual,41700
Maruti,Dzire,2015,141119,Diesel,Third Owner,Manual,118400
Maruti,Dzire,2020,60793,Diesel,Second Owner,Automatic,302100
Maruti,Dzire,2011,205135,CNG,Second Owner,Manual,65500
Maruti,Dzire,2012,176311,Diesel,First Owner,Manual,103200
Maruti,Dzire,2019,94059,Diesel,Second Owner,Manual,234400
Maruti,Dzire,2012,190855,CNG,First Owner,Manual,87600
Maruti,Dzire,2012,180347,CNG,First Owner,Automatic,89700
Maruti,Dzire,2021,47786,CNG,First Owner,Automatic,364800
Maruti,Dzire,2017,111670,Diesel,Third Owner,Manual,144300
Maruti,Dzire,2007,258294,Diesel,First Owner,Manual,41700
Maruti,Dzire,2023,19331,Petrol,First Owner,Manual,452200
Maruti,Dzire,2019,72837,CNG,First Owner,Manual,237800
Maruti,Dzire,2019,85223,Petrol,Third Owner,Manual,188700
Maruti,Dzire,2017,111236,CNG,First Owner,Manual,182200
Maruti,Dzire,2014,146320,CNG,First Owner,Manual,111400
Maruti,Dzire,2017,120907,CNG,First Owner,Automatic,184300
Maruti,Dzire,2010,205617,CNG,First Owner,Manual,57500
Maruti,Dzire,2018,95223,CNG,Third Owner,Manual,152600
Maruti,Dzire,2008,255307,Diesel,First Owner,Manual,42200
Maruti,Dzire,2019,85672,Diesel,First Owner,Manual,298100
Maruti,Dzire,2018,91560,Petrol,First Owner,Manual,227700
Maruti,Dzire,2010,237115,Petrol,First Owner,Manual,66100
Maruti,Dzire,2006,279118,CNG,First Owner,Manual,38400
Maruti,Dzire,2009,234182,CNG,First Owner,Manual,43900
Maruti,Dzire,2007,251217,Diesel,First Owner,Manual,47800
Maruti,Dzire,2005,285599,CNG,First Owner,Manual,40500
Maruti,Dzire,2008,244540,Diesel,First Owner,Manual,45900
Maruti,Dzire,2020,71195,Petrol,First Owner,Automatic,330600
Maruti,Dzire,2019,94589,Diesel,Second Owner,Manual,235100
Maruti,Dzire,2014,154749,Diesel,Third Owner,Manual,107100
Maruti,Dzire,2010,217586,Petrol,Third Owner,Automatic,50900
Maruti,Dzire,2020,55818,Petrol,First Owner,Manual,315800
Maruti,Dzire,2022,46390,Petrol,First Owner,Automatic,436100
Maruti,Dzire,2021,62094,Diesel,Second Owner,Automatic,324700
Maruti,Dzire,2015,134523,CNG,First Owner,Manual,134900
Maruti,Dzire,2022,28178,CNG,Second Owner,Automatic,340000
Maruti,Dzire,2021,52287,Petrol,First Owner,Manual,326100
Maruti,Dzire,2012,183562,Diesel,Third Owner,Manual,73100
Maruti,Dzire,2007,259956,CNG,First Owner,Manual,38600
Maruti,Dzire,2007,271358,CNG,Second Owner,Manual,35000
Maruti,Dzire,2010,208068,CNG,First Owner,Automatic,60400
Maruti,Dzire,2005,279267,Petrol,First Owner,Manual,41800
Maruti,Dzire,2011,200883,CNG,First Owner,Automatic,81300
Maruti,Dzire,2014,146742,Diesel,First Owner,Automatic,147400
Maruti,Dzire,2019,82521,Diesel,First Owner,Manual,276600
Maruti,Dzire,2009,231244,Diesel,Third Owner,Manual,42000
Maruti,Dzire,2016,129184,Diesel,First Owner,Manual,165100
Maruti,Dzire,2008,244347,Diesel,First Owner,Manual,41300
Maruti,Dzire,2017,115472,Petrol,Second Owner,Automatic,190800
Maruti,Dzire,2011,193726,Petrol,First Owner,Manual,78400
Maruti,Ertiga,2014,151525,Diesel,First Owner,Automatic,142900
Maruti,Ertiga,2016,125057,Petrol,First Owner,Manual,173300
Maruti,Ertiga,2020,64771,Petrol,First Owner,Automatic,355000
Maruti,Ertiga,2017,110999,Diesel,First Owner,Manual,211300
Maruti,Ertiga,2016,122046,CNG,First Owner,Manual,160800
Maruti,Ertiga,2008,243973,Petrol,Third Owner,Manual,35000
Maruti,Ertiga,2015,132866,Petrol,First Owner,Manual,140700
Maruti,Ertiga,2006,272287,Petrol,First Owner,Manual,41100
Maruti,Ertiga,2019,90035,Petrol,First Owner,Manual,240000
Maruti,Ertiga,2014,168620,CNG,First Owner,Automatic,128200
Maruti,Ertiga,2023,15471,Diesel,First Owner,Manual,477500
Maruti,Ertiga,2014,168999,CNG,Third Owner,Manual,86700
Maruti,Ertiga,2013,183684,CNG,Second Owner,Manual,88100
Maruti,Ertiga,2010,212127,CNG,Second Owner,Manual,53400
Maruti,Ertiga,2009,232592,CNG,Third Owner,Manual,35000
Maruti,Ertiga,2015,134635,Diesel,First Owner,Manual,148200
Maruti,Ertiga,2020,74102,Petrol,Second Owner,Manual,258000
Maruti,Ertiga,2020,55644,CNG,First Owner,Automatic,325200
Maruti,Ertiga,2022,30898,CNG,Second Owner,Automatic,344300
Maruti,Ertiga,2020,71258,Petrol,Third Owner,Manual,215800
Maruti,Ertiga,2014,156657,CNG,Second Owner,Manual,96700
Maruti,Ertiga,2013,157611,Diesel,First Owner,Manual,115100
Maruti,Ertiga,2017,118287,Petrol,First Owner,Manual,192600
Maruti,Ertiga,2016,106912,Diesel,Second Owner,Manual,161600
Maruti,Ertiga,2022,33639,Diesel,First Owner,Manual,432600
Maruti,Ertiga,2012,195189,Petrol,Second Owner,Manual,83100
Maruti,Ertiga,2006,280790,Diesel,First Owner,Automatic,45900
Maruti,Ertiga,2022,39217,Petrol,First Owner,Automatic,459500
Maruti,Ertiga,2020,57139,Diesel,First Owner,Manual,363200
Maruti,Ertiga,2007,249103,CNG,Second Owner,Manual,35000
Maruti,Ertiga,2006,279243,Petrol,Third Owner,Manual,35000
Maruti,Ertiga,2020,62426,Petrol,Third Owner,Automatic,277100
Maruti,Ertiga,2006,285346,Petrol,Third Owner,Manual,35000
Maruti,Ertiga,2022,35603,CNG,First Owner,Automatic,426800
Maruti,Ertiga,2019,77919,Diesel,First Owner,Manual,278600
Maruti,Ertiga,2010,229403,Petrol,Second Owner,Automatic,62300
Maruti,Ertiga,2011,207108,Diesel,Second Owner,Manual,68800
Maruti,Ertiga,2008,259059,Petrol,Third Owner,Manual,35000
Maruti,Ertiga,2005,289602,Diesel,Third Owner,Manual,35000
Maruti,Ertiga,2005,295849,Diesel,Second Owner,Manual,36000
Maruti,Ertiga,2008,240391,CNG,First Owner,Automatic,43900
Maruti,Ertiga,2014,156018,CNG,First Owner,Automatic,123300
Maruti,Ertiga,2012,185825,Petrol,First Owner,Automatic,102600
Maruti,Ertiga,2022,39203,Diesel,Second Owner,Automatic,428300
Maruti,Ertiga,2012,180436,Petrol,First Owner,Manual,91400
Maruti,Ertiga,2023,10246,Petrol,First Owner,Manual,456800
Maruti,Ertiga,2023,15329,CNG,First Owner,Manual,426800
Maruti,Ertiga,2020,63904,Petrol,Third Owner,Manual,213800
Maruti,Ertiga,2009,221192,Petrol,Second Owner,Manual,40600
Maruti,Ertiga,2005,289265,Diesel,First Owner,Manual,42500
Maruti,Ertiga,2007,267057,Petrol,First Owner,Manual,43900
Maruti,Ertiga,2020,67064,Petrol,First Owner,Manual,285200
Maruti,Ertiga,2018,83122,Diesel,Third Owner,Automatic,215300
Maruti,Ertiga,2022,46958,Petrol,Second Owner,Manual,309800
Maruti,Ertiga,2022,31732,Petrol,Second Owner,Automatic,417400
Maruti,Ertiga,2019,82599,CNG,Second Owner,Manual,206200
Maruti,Ertiga,2012,185115,Diesel,First Owner,Automatic,117900
Maruti,Ertiga,2006,282373,CNG,First Owner,Automatic,45100
Maruti,Ertiga,2005,290175,CNG,First Owner,Manual,39200
Maruti,Ertiga,2006,277980,Petrol,Second Owner,Manual,35000
Hyundai,i20,2011,200381,Petrol,First Owner,Manual,107000
Hyundai,i20,2023,6165,Diesel,Second Owner,Automatic,665400
Hyundai,i20,2012,183578,CNG,First Owner,Manual,107800
Hyundai,i20,2022,39215,CNG,Third Owner,Automatic,396500
Hyundai,i20,2018,92671,Diesel,Third Owner,Manual,254900
Hyundai,i20,2015,139147,CNG,First Owner,Manual,162800
Hyundai,i20,2022,19649,Diesel,Third Owner,Manual,435300
Hyundai,i20,2006,277577,CNG,First Owner,Manual,49600
Hyundai,i20,2017,110241,CNG,First Owner,Manual,227800
Hyundai,i20,2022,40388,CNG,Second Owner,Manual,392800
Hyundai,i20,2006,278620,CNG,Second Owner,Manual,42800
Hyundai,i20,2015,136315,Diesel,Third Owner,Manual,156500
Hyundai,i20,2008,244737,Petrol,Second Owner,Manual,45900
Hyundai,i20,2012,171598,CNG,First Owner,Manual,111200
Hyundai,i20,2016,122289,Diesel,First Owner,Automatic,270100
Hyundai,i20,2015,147050,Petrol,First Owner,Manual,182300
Hyundai,i20,2012,184920,CNG,Third Owner,Manual,82800
Hyundai,i20,2009,228555,Petrol,First Owner,Manual,65900
Hyundai,i20,2020,46786,Diesel,First Owner,Automatic,556300
Hyundai,i20,2020,59000,Diesel,First Owner,Automatic,466600
Hyundai,i20,2022,17203,CNG,Third Owner,Automatic,423000
Hyundai,i20,2007,261308,CNG,First Owner,Manual,46500
Hyundai,i20,2012,189166,Petrol,First Owner,Manual,123800
Hyundai,i20,2020,66896,CNG,First Owner,Manual,365400
Hyundai,i20,2005,302733,CNG,Third Owner,Manual,38900
Hyundai,i20,2018,96343,Petrol,First Owner,Manual,279000
Hyundai,i20,2011,195545,Diesel,First Owner,Manual,107800
Hyundai,i20,2017,105828,Diesel,Second Owner,Automatic,260300
Hyundai,i20,2007,251008,Petrol,First Owner,Manual,54100
Hyundai,i20,2006,261992,CNG,First Owner,Manual,49300
Hyundai,i20,2018,90598,Petrol,Third Owner,Automatic,244300
Hyundai,i20,2023,14331,Diesel,First Owner,Automatic,728400
Hyundai,i20,2013,178307,Petrol,First Owner,Automatic,145900
Hyundai,i20,2011,193909,CNG,First Owner,Automatic,110400
Hyundai,i20,2007,256859,CNG,Second Owner,Manual,45600
Hyundai,i20,2015,149817,Diesel,Second Owner,Manual,182900
Hyundai,i20,2007,238349,Petrol,First Owner,Manual,50000
Hyundai,i20,2017,109892,Diesel,First Owner,Manual,295100
Hyundai,i20,2020,66390,Diesel,First Owner,Manual,437300
Hyundai,i20,2007,270057,CNG,First Owner,Manual,46000
Hyundai,i20,2013,177142,CNG,First Owner,Manual,127000
Hyundai,i20,2007,270400,Petrol,Third Owner,Manual,41900
Hyundai,i20,2008,248468,Diesel,Second Owner,Manual,47200
Hyundai,i20,2007,263812,Diesel,Second Owner,Manual,52700
Hyundai,i20,2017,118243,Petrol,Second Owner,Manual,227300
Hyundai,i20,2012,185640,CNG,First Owner,Manual,105900
Hyundai,i20,2013,167055,Petrol,First Owner,Manual,136700
Hyundai,i20,2007,268848,Diesel,First Owner,Manual,59100
Hyundai,i20,2011,195833,Petrol,Third Owner,Manual,77900
Hyundai,i20,2015,141129,Diesel,First Owner,Automatic,230900
Hyundai,i20,2009,226610,CNG,First Owner,Manual,61800
Hyundai,i20,2015,150335,Diesel,Second Owner,Manual,182300
Hyundai,i20,2012,182022,Diesel,First Owner,Automatic,140000
Hyundai,i20,2022,40764,Petrol,Second Owner,Manual,466400
Hyundai,i20,2019,85139,Diesel,Second Owner,Manual,334800
Hyundai,i20,2018,93075,CNG,First Owner,Manual,264900
Hyundai,i20,2009,226941,Petrol,First Owner,Manual,63400
Hyundai,i20,2022,21221,CNG,Third Owner,Automatic,410000
Hyundai,i20,2006,276911,CNG,Second Owner,Automatic,45100
Hyundai,i20,2012,177693,CNG,Second Owner,Manual,99000
Hyundai,Creta,2023,31971,Diesel,Third Owner,Manual,465600
Hyundai,Creta,2008,243762,Petrol,First Owner,Manual,55700
Hyundai,Creta,2022,25842,Diesel,First Owner,Manual,587400
Hyundai,Creta,2021,44926,Petrol,First Owner,Manual,432300
Hyundai,Creta,2018,97976,CNG,First Owner,Manual,267900
Hyundai,Creta,2011,198377,CNG,First Owner,Manual,92800
Hyundai,Creta,2019,77163,CNG,First Owner,Automatic,369200
Hyundai,Creta,2010,221136,CNG,First Owner,Manual,71500
Hyundai,Creta,2022,27028,Diesel,Second Owner,Manual,507000
Hyundai,Creta,2017,113975,Petrol,Second Owner,Automatic,239600
Hyundai,Creta,2018,85430,Petrol,First Owner,Manual,326200
Hyundai,Creta,2023,28035,Petrol,Second Owner,Manual,474100
Hyundai,Creta,2011,193979,Diesel,First Owner,Manual,111700
Hyundai,Creta,2017,111644,CNG,First Owner,Manual,229300
Hyundai,Creta,2010,219880,Diesel,Third Owner,Manual,68400
Hyundai,Creta,2015,128472,Petrol,First Owner,Manual,183900
Hyundai,Creta,2009,221692,Petrol,Second Owner,Manual,54300
Hyundai,Creta,2022,34434,CNG,Third Owner,Automatic,375100
Hyundai,Creta,2010,210610,Diesel,Second Owner,Manual,81800
Hyundai,Creta,2005,290286,Diesel,First Owner,Automatic,69700
Hyundai,Creta,2021,45305,Diesel,First Owner,Automatic,556400
Hyundai,Creta,2007,253268,CNG,First Owner,Automatic,53400
Hyundai,Creta,2013,171039,Diesel,Second Owner,Automatic,148500
Hyundai,Creta,2021,56520,Petrol,Second Owner,Manual,385900
Hyundai,Creta,2016,112014,CNG,First Owner,Manual,207300
Hyundai,Creta,2012,181487,Diesel,Third Owner,Manual,94700
Hyundai,Creta,2007,236278,Petrol,First Owner,Manual,55200
Hyundai,Creta,2018,104552,Petrol,Second Owner,Automatic,290300
Hyundai,Creta,2006,266078,CNG,First Owner,Manual,50900
Hyundai,Creta,2014,150796,CNG,First Owner,Automatic,178600
Hyundai,Creta,2008,253773,Diesel,Third Owner,Automatic,51500
Hyundai,Creta,2009,240026,CNG,Third Owner,Manual,44600
Hyundai,Creta,2012,185865,Diesel,First Owner,Manual,134000
Hyundai,Creta,2017,98016,Diesel,First Owner,Automatic,339600
Hyundai,Creta,2017,103570,Diesel,First Owner,Manual,286400
Hyundai,Creta,2007,259367,CNG,Third Owner,Manual,38200
Hyundai,Creta,2007,262280,Diesel,Second Owner,Manual,49000
Hyundai,Creta,2014,147273,Diesel,First Owner,Manual,183500
Hyundai,Creta,2015,150670,Petrol,First Owner,Automatic,200900
Hyundai,Creta,2008,236632,Petrol,First Owner,Manual,57600
Hyundai,Creta,2011,217525,CNG,First Owner,Automatic,111300
Hyundai,Creta,2007,259525,CNG,First Owner,Manual,50600
Hyundai,Creta,2010,225625,CNG,Second Owner,Manual,67500
Hyundai,Creta,2008,248584,Petrol,First Owner,Manual,54400
Hyundai,Creta,2021,49534,CNG,First Owner,Manual,440900
Hyundai,Creta,2009,229011,Diesel,First Owner,Manual,70100
Hyundai,Creta,2008,251103,Diesel,First Owner,Automatic,67500
Hyundai,Creta,2009,234625,CNG,Third Owner,Manual,43400
Hyundai,Creta,2005,286315,Diesel,Second Owner,Manual,47600
Hyundai,Creta,2018,91939,CNG,Second Owner,Automatic,252900
Hyundai,Creta,2008,247614,CNG,First Owner,Automatic,53600
Hyundai,Creta,2009,233160,Petrol,First Owner,Manual,63100
Hyundai,Creta,2014,157217,CNG,Third Owner,Manual,112900
Hyundai,Creta,2011,187950,CNG,First Owner,Manual,98000
Hyundai,Creta,2012,181089,Diesel,Second Owner,Manual,121300
Hyundai,Creta,2005,290125,Diesel,Third Owner,Manual,45900
Hyundai,Creta,2023,11159,Petrol,Second Owner,Automatic,601200
Hyundai,Creta,2005,294797,CNG,First Owner,Manual,45700
Hyundai,Creta,2006,282644,Diesel,Second Owner,Manual,49700
Hyundai,Creta,2017,107446,Petrol,Second Owner,Manual,210800
Hyundai,Verna,2007,256481,Petrol,Third Owner,Manual,39100
Hyundai,Verna,2023,28903,CNG,Second Owner,Manual,454500
Hyundai,Verna,2014,150897,Petrol,First Owner,Manual,159200
Hyundai,Verna,2019,67722,CNG,Second Owner,Manual,303300
Hyundai,Verna,2010,224179,CNG,First Owner,Manual,73800
Hyundai,Verna,2021,58559,CNG,First Owner,Manual,417900
Hyundai,Verna,2013,169570,Petrol,First Owner,Manual,141800
Hyundai,Verna,2013,166012,CNG,Third Owner,Manual,97400
Hyundai,Verna,2021,43993,CNG,First Owner,Manual,444700
Hyundai,Verna,2023,27248,CNG,Second Owner,Manual,447600
Hyundai,Verna,2006,275793,Petrol,First Owner,Manual,50600
Hyundai,Verna,2006,274024,CNG,Second Owner,Manual,44000
Hyundai,Verna,2012,181380,CNG,First Owner,Automatic,126700
Hyundai,Verna,2008,252470,CNG,Second Owner,Manual,41000
Hyundai,Verna,2021,69722,Petrol,Third Owner,Automatic,365300
Hyundai,Verna,2014,152686,Diesel,First Owner,Manual,170100
Hyundai,Verna,2014,148730,CNG,First Owner,Manual,159200
Hyundai,Verna,2011,197342,CNG,Third Owner,Automatic,75500
Hyundai,Verna,2005,291603,CNG,First Owner,Automatic,58600
Hyundai,Verna,2015,139274,Petrol,Second Owner,Manual,163100
Hyundai,Verna,2014,162805,Petrol,First Owner,Automatic,193800
Hyundai,Verna,2009,235972,CNG,First Owner,Manual,55100
Hyundai,Verna,2021,35469,Diesel,Third Owner,Manual,362600
Hyundai,Verna,2009,238834,CNG,Second Owner,Manual,50600
Hyundai,Verna,2018,92786,Diesel,First Owner,Manual,340500
Hyundai,Verna,2015,136390,Diesel,First Owner,Manual,208800
Hyundai,Verna,2009,231983,Petrol,First Owner,Manual,60700
Hyundai,Verna,2008,234581,CNG,First Owner,Automatic,54800
Hyundai,Verna,2019,79619,Petrol,Second Owner,Manual,311000
Hyundai,Verna,2006,279025,Petrol,Second Owner,Manual,43600
Hyundai,Verna,2012,192878,Petrol,Second Owner,Manual,114100
Hyundai,Verna,2005,288414,Diesel,Third Owner,Manual,43800
Hyundai,Verna,2008,230968,Petrol,First Owner,Manual,56000
Hyundai,Verna,2012,188411,Petrol,First Owner,Manual,125200
Hyundai,Verna,2007,254618,Petrol,First Owner,Manual,57100
Hyundai,Verna,2019,76938,Petrol,First Owner,Automatic,411800
Hyundai,Verna,2008,253576,Petrol,Third Owner,Manual,41700
Hyundai,Verna,2020,67357,Petrol,First Owner,Manual,384000
Hyundai,Verna,2010,213640,Petrol,First Owner,Manual,78900
Hyundai,Verna,2014,163587,Diesel,First Owner,Manual,161500
Hyundai,Verna,2013,163813,CNG,Third Owner,Manual,99500
Hyundai,Verna,2022,40592,Petrol,Third Owner,Automatic,410700
Hyundai,Verna,2022,36441,CNG,First Owner,Manual,443600
Hyundai,Verna,2015,132796,CNG,First Owner,Automatic,196900
Hyundai,Verna,2006,278255,Diesel,Second Owner,Automatic,60700
Hyundai,Verna,2008,236569,Petrol,Second Owner,Manual,49000
Hyundai,Verna,2006,276713,CNG,Second Owner,Automatic,47000
Hyundai,Verna,2010,195634,Petrol,First Owner,Manual,85400
Hyundai,Verna,2016,126640,CNG,First Owner,Manual,182400
Hyundai,Verna,2011,199015,Diesel,First Owner,Manual,101900
Hyundai,Verna,2006,275612,CNG,First Owner,Manual,50200
Hyundai,Verna,2009,235588,Diesel,Second Owner,Automatic,69500
Hyundai,Verna,2015,144210,CNG,Third Owner,Automatic,147300
Hyundai,Verna,2016,126653,Petrol,First Owner,Automatic,231600
Hyundai,Verna,2008,241346,Petrol,Second Owner,Manual,47700
Hyundai,Verna,2020,71042,CNG,First Owner,Manual,359500
Hyundai,Verna,2016,126785,Petrol,First Owner,Manual,203300
Hyundai,Verna,2010,225517,CNG,First Owner,Manual,76500
Hyundai,Verna,2023,30641,CNG,First Owner,Manual,542800
Hyundai,Verna,2009,232195,Diesel,Second Owner,Manual,63300
Hyundai,Venue,2010,201525,CNG,Second Owner,Manual,64100
Hyundai,Venue,2005,274484,Diesel,First Owner,Manual,56500
Hyundai,Venue,2008,244535,Diesel,Second Owner,Automatic,59900
Hyundai,Venue,2020,62530,Diesel,First Owner,Manual,456200
Hyundai,Venue,2023,12891,Petrol,First Owner,Automatic,609200
Hyundai,Venue,2005,280089,Diesel,First Owner,Manual,56400
Hyundai,Venue,2017,111677,Petrol,First Owner,Automatic,298700
Hyundai,Venue,2005,292676,Diesel,Third Owner,Manual,46100
Hyundai,Venue,2010,221771,Petrol,First Owner,Manual,87800
Hyundai,Venue,2022,37368,Diesel,Second Owner,Manual,445100
Hyundai,Venue,2017,96218,Petrol,First Owner,Manual,253600
Hyundai,Venue,2020,58326,Petrol,First Owner,Manual,417500
Hyundai,Venue,2007,256090,Diesel,First Owner,Automatic,62400
Hyundai,Venue,2022,35655,Diesel,First Owner,Automatic,603700
Hyundai,Venue,2019,88275,Diesel,First Owner,Manual,334000
Hyundai,Venue,2008,247382,Petrol,Second Owner,Automatic,51500
Hyundai,Venue,2023,20399,Diesel,Second Owner,Manual,541000
Hyundai,Venue,2020,67809,CNG,Third Owner,Manual,252500
Hyundai,Venue,2006,257816,CNG,Second Owner,Manual,40300
Hyundai,Venue,2019,79773,Petrol,Third Owner,Manual,247500
Hyundai,Venue,2011,205891,CNG,First Owner,Automatic,107100
Hyundai,Venue,2013,175980,Diesel,Third Owner,Automatic,119200
Hyundai,Venue,2017,100490,Diesel,First Owner,Automatic,296500
Hyundai,Venue,2023,16483,CNG,Second Owner,Manual,438600
Hyundai,Venue,2023,8522,Petrol,Third Owner,Manual,419000
Hyundai,Venue,2014,147923,CNG,Third Owner,Automatic,119600
Hyundai,Venue,2020,56856,Petrol,First Owner,Manual,418100
Hyundai,Venue,2017,106040,Petrol,First Owner,Automatic,298300
Hyundai,Venue,2006,274518,Diesel,First Owner,Automatic,62800
Hyundai,Venue,2013,151988,Diesel,Third Owner,Manual,123000
Hyundai,Venue,2012,199372,Diesel,Second Owner,Manual,118400
Hyundai,Venue,2007,276176,Petrol,First Owner,Automatic,59200
Hyundai,Venue,2020,65958,Petrol,First Owner,Manual,383600
Hyundai,Venue,2021,33953,Diesel,First Owner,Automatic,617500
Hyundai,Venue,2005,297524,Petrol,Second Owner,Manual,46300
Hyundai,Venue,2016,139482,CNG,First Owner,Manual,183100
Hyundai,Venue,2017,107287,Petrol,First Owner,Manual,254600
Hyundai,Venue,2020,61906,CNG,Second Owner,Manual,339500
Hyundai,Venue,2013,169920,Diesel,First Owner,Manual,161100
Hyundai,Venue,2011,187775,Petrol,Second Owner,Manual,85400
Hyundai,Venue,2018,79056,CNG,First Owner,Automatic,338300
Hyundai,Venue,2005,288666,Petrol,First Owner,Automatic,58200
Hyundai,Venue,2013,163098,Diesel,First Owner,Manual,147700
Hyundai,Venue,2021,53581,CNG,First Owner,Manual,410900
Hyundai,Venue,2016,115052,Diesel,First Owner,Manual,225400
Hyundai,Venue,2013,165955,CNG,First Owner,Manual,133200
Hyundai,Venue,2014,158646,Petrol,Third Owner,Automatic,141700
Hyundai,Venue,2017,118940,CNG,First Owner,Manual,205100
Hyundai,Venue,2020,71199,Diesel,First Owner,Manual,423200
Hyundai,Venue,2023,19901,Petrol,First Owner,Manual,590600
Hyundai,Venue,2020,74941,CNG,First Owner,Manual,358700
Hyundai,Venue,2022,28382,Petrol,First Owner,Manual,544000
Hyundai,Venue,2022,35412,CNG,Third Owner,Manual,336400
Hyundai,Venue,2012,179929,CNG,Third Owner,Manual,89100
Hyundai,Venue,2016,124557,Petrol,First Owner,Automatic,241600
Hyundai,Venue,2007,266661,Diesel,Third Owner,Manual,46000
Hyundai,Venue,2017,101885,Petrol,First Owner,Manual,260200
Hyundai,Venue,2023,18460,Diesel,First Owner,Automatic,661600
Hyundai,Venue,2007,248737,Petrol,First Owner,Manual,53200
Hyundai,Venue,2011,200880,Petrol,Second Owner,Manual,92700
Hyundai,Grand i10,2007,265863,Diesel,First Owner,Automatic,63700
Hyundai,Grand i10,2006,281197,CNG,First Owner,Manual,45500
Hyundai,Grand i10,2015,140423,Petrol,Second Owner,Manual,150800
Hyundai,Grand i10,2016,115164,Diesel,First Owner,Manual,245600
Hyundai,Grand i10,2010,217244,Diesel,First Owner,Manual,89100
Hyundai,Grand i10,2018,95976,CNG,Third Owner,Manual,217500
Hyundai,Grand i10,2016,125003,Diesel,First Owner,Manual,247100
Hyundai,Grand i10,2011,195197,CNG,First Owner,Manual,88100
Hyundai,Grand i10,2006,266900,CNG,Second Owner,Manual,39800
Hyundai,Grand i10,2008,253079,CNG,Second Owner,Manual,40300
Hyundai,Grand i10,2019,72647,Diesel,Second Owner,Manual,345500
Hyundai,Grand i10,2005,296882,Diesel,First Owner,Manual,58100
Hyundai,Grand i10,2009,215061,CNG,Second Owner,Manual,47000
Hyundai,Grand i10,2008,253356,Diesel,First Owner,Manual,55700
Hyundai,Grand i10,2021,57423,Diesel,First Owner,Manual,473700
Hyundai,Grand i10,2011,198734,CNG,Third Owner,Manual,64700
Hyundai,Grand i10,2007,272665,CNG,First Owner,Automatic,57700
Hyundai,Grand i10,2007,251609,CNG,Second Owner,Automatic,49200
Hyundai,Grand i10,2019,86685,Diesel,First Owner,Automatic,429600
Hyundai,Grand i10,2014,154523,Diesel,Second Owner,Manual,156900
Hyundai,Grand i10,2008,254992,Petrol,Third Owner,Manual,38100
Hyundai,Grand i10,2016,111471,Diesel,Third Owner,Manual,192200
Hyundai,Grand i10,2016,127018,Diesel,First Owner,Manual,238900
Hyundai,Grand i10,2020,60333,Diesel,Second Owner,Automatic,399900
Hyundai,Grand i10,2006,290327,Petrol,First Owner,Manual,56200
Hyundai,Grand i10,2019,78217,Petrol,Second Owner,Automatic,345500
Hyundai,Grand i10,2009,220793,Diesel,First Owner,Manual,69200
Hyundai,Grand i10,2005,290982,CNG,Third Owner,Manual,38400
Hyundai,Grand i10,2023,23251,Diesel,First Owner,Manual,623600
Hyundai,Grand i10,2018,114711,CNG,Second Owner,Manual,220900
Hyundai,Grand i10,2017,118902,CNG,First Owner,Manual,209800
Hyundai,Grand i10,2020,77037,Diesel,Third Owner,Manual,304800
Hyundai,Grand i10,2012,181856,CNG,First Owner,Manual,110100
Hyundai,Grand i10,2012,190642,Petrol,First Owner,Automatic,135000
Hyundai,Grand i10,2020,61198,Diesel,Second Owner,Manual,373300
Hyundai,Grand i10,2006,276313,CNG,First Owner,Automatic,57800
Hyundai,Grand i10,2014,162928,CNG,Second Owner,Automatic,141100
Hyundai,Grand i10,2006,268450,Petrol,Second Owner,Manual,48600
Hyundai,Grand i10,2020,63419,Diesel,First Owner,Automatic,462100
Hyundai,Grand i10,2015,132564,Diesel,Second Owner,Automatic,186400
Hyundai,Grand i10,2021,47336,Petrol,First Owner,Automatic,531800
Hyundai,Grand i10,2018,97700,Petrol,First Owner,Manual,275900
Hyundai,Grand i10,2017,113201,Petrol,Second Owner,Manual,213600
Hyundai,Grand i10,2023,34578,Petrol,Second Owner,Manual,484800
Hyundai,Grand i10,2021,56234,CNG,Second Owner,Manual,349200
Hyundai,Grand i10,2023,27039,Diesel,Third Owner,Automatic,540300
Hyundai,Grand i10,2023,26785,Petrol,First Owner,Manual,593700
Hyundai,Grand i10,2021,63042,Diesel,First Owner,Manual,477300
Hyundai,Grand i10,2012,181958,Diesel,First Owner,Manual,129400
Hyundai,Grand i10,2021,70366,Diesel,Second Owner,Manual,378700
Hyundai,Grand i10,2022,31396,CNG,Second Owner,Manual,442500
Hyundai,Grand i10,2009,226035,CNG,Second Owner,Automatic,56100
Hyundai,Grand i10,2015,136664,CNG,First Owner,Manual,170500
Hyundai,Grand i10,2018,81886,CNG,Second Owner,Automatic,274100
Hyundai,Grand i10,2018,98485,Petrol,First Owner,Manual,271800
Hyundai,Grand i10,2013,160915,Petrol,Third Owner,Manual,99900
Hyundai,Grand i10,2006,272560,CNG,First Owner,Automatic,51700
Hyundai,Grand i10,2022,28769,Petrol,Second Owner,Manual,435900
Hyundai,Grand i10,2014,154129,Diesel,First Owner,Automatic,209400
Hyundai,Grand i10,2015,137676,CNG,First Owner,Manual,158200
Hyundai,Santro,2019,88485,CNG,Second Owner,Manual,269700
Hyundai,Santro,2011,184561,CNG,Third Owner,Manual,66700
Hyundai,Santro,2007,261906,CNG,First Owner,Manual,47600
Hyundai,Santro,2013,174560,Petrol,First Owner,Automatic,145600
Hyundai,Santro,2019,78837,Petrol,Third Owner,Manual,272000
Hyundai,Santro,2014,150508,Diesel,Second Owner,Manual,140800
Hyundai,Santro,2015,120186,CNG,First Owner,Manual,178600
Hyundai,Santro,2022,31811,Diesel,First Owner,Manual,532900
Hyundai,Santro,2015,136747,CNG,First Owner,Automatic,195700
Hyundai,Santro,2005,295823,Petrol,Second Owner,Manual,49700
Hyundai,Santro,2012,196717,Diesel,First Owner,Automatic,137900
Hyundai,Santro,2013,166904,CNG,Second Owner,Manual,113300
Hyundai,Santro,2016,115500,Diesel,First Owner,Automatic,257500
Hyundai,Santro,2021,49143,Petrol,Third Owner,Manual,365200
Hyundai,Santro,2022,24009,Petrol,Second Owner,Automatic,548900
Hyundai,Santro,2018,92673,Petrol,First Owner,Automatic,357500
Hyundai,Santro,2018,83525,CNG,Second Owner,Manual,260300
Hyundai,Santro,2006,259903,Petrol,First Owner,Manual,51500
Hyundai,Santro,2007,254875,Diesel,First Owner,Manual,57000
Hyundai,Santro,2015,137390,Petrol,First Owner,Manual,166300
Hyundai,Santro,2007,260397,CNG,Second Owner,Manual,42900
Hyundai,Santro,2014,144388,CNG,First Owner,Manual,154300
Hyundai,Santro,2019,69072,Petrol,First Owner,Manual,341600
Hyundai,Santro,2017,120080,CNG,First Owner,Manual,213400
Hyundai,Santro,2016,126155,CNG,First Owner,Manual,196300
Hyundai,Santro,2017,109683,CNG,First Owner,Manual,222500
Hyundai,Santro,2016,129138,CNG,First Owner,Manual,194300
Hyundai,Santro,2013,186882,Petrol,First Owner,Manual,142700
Hyundai,Santro,2006,286044,CNG,First Owner,Manual,47700
Hyundai,Santro,2007,245073,Diesel,First Owner,Manual,57800
Hyundai,Santro,2015,132559,Petrol,First Owner,Manual,194900
Hyundai,Santro,2015,149330,Diesel,First Owner,Manual,188900
Hyundai,Santro,2023,25956,Diesel,Third Owner,Manual,440900
Hyundai,Santro,2012,193462,CNG,Second Owner,Manual,102600
Hyundai,Santro,2009,226925,Diesel,First Owner,Manual,65500
Hyundai,Santro,2022,28510,Petrol,First Owner,Manual,552200
Hyundai,Santro,2009,234103,CNG,Third Owner,Manual,40200
Hyundai,Santro,2005,286660,CNG,Second Owner,Automatic,48700
Hyundai,Santro,2023,20506,Diesel,First Owner,Automatic,689100
Hyundai,Santro,2009,232126,Diesel,First Owner,Automatic,76800
Hyundai,Santro,2014,161288,Petrol,First Owner,Manual,165100
Hyundai,Santro,2010,222032,CNG,First Owner,Manual,76500
Hyundai,Santro,2023,8701,CNG,Second Owner,Automatic,495400
Hyundai,Santro,2020,47340,Petrol,First Owner,Manual,395800
Hyundai,Santro,2011,185924,Diesel,First Owner,Manual,102100
Hyundai,Santro,2015,138411,Petrol,Second Owner,Manual,165400
Hyundai,Santro,2013,160847,Diesel,Second Owner,Manual,135900
Hyundai,Santro,2007,255070,CNG,First Owner,Automatic,52800
Hyundai,Santro,2017,100306,Diesel,Second Owner,Automatic,257900
Hyundai,Santro,2009,242843,Diesel,First Owner,Manual,69100
Hyundai,Santro,2011,202745,CNG,Second Owner,Manual,78000
Hyundai,Santro,2015,143791,CNG,First Owner,Manual,165500
Hyundai,Santro,2023,28014,Petrol,First Owner,Manual,565100
Hyundai,Santro,2009,242850,CNG,First Owner,Automatic,60800
Hyundai,Santro,2010,214738,Diesel,Second Owner,Manual,71300
Hyundai,Santro,2014,160033,Petrol,First Owner,Manual,160100
Hyundai,Santro,2020,72212,CNG,First Owner,Manual,369300
Hyundai,Santro,2021,63231,Diesel,First Owner,Manual,493900
Hyundai,Santro,2023,27080,Petrol,First Owner,Manual,591000
Hyundai,Santro,2021,53269,CNG,First Owner,Manual,384100
Honda,City,2020,73823,CNG,First Owner,Manual,404600
Honda,City,2009,223724,CNG,First Owner,Manual,71100
Honda,City,2018,87378,Petrol,Second Owner,Manual,331600
Honda,City,2020,63937,Diesel,First Owner,Automatic,593100
Honda,City,2023,23505,Diesel,Second Owner,Automatic,641600
Honda,City,2022,37471,Diesel,First Owner,Manual,655500
Honda,City,2005,286465,Petrol,First Owner,Manual,64900
Honda,City,2018,93114,Diesel,First Owner,Manual,379400
Honda,City,2013,175145,Diesel,Second Owner,Automatic,168700
Honda,City,2011,193364,Diesel,Second Owner,Manual,104800
Honda,City,2022,29239,Diesel,Second Owner,Automatic,623600
Honda,City,2009,227929,CNG,First Owner,Manual,69400
Honda,City,2010,222702,Diesel,Second Owner,Manual,91800
Honda,City,2006,280616,Petrol,First Owner,Manual,64900
Honda,City,2009,219337,Petrol,First Owner,Manual,67300
Honda,City,2006,276918,CNG,First Owner,Automatic,64900
Honda,City,2021,45323,Petrol,Third Owner,Automatic,456600
Honda,City,2019,100049,Petrol,First Owner,Manual,380000
Honda,City,2014,159764,CNG,First Owner,Manual,161700
Honda,City,2006,288169,Diesel,First Owner,Manual,63200
Honda,City,2013,171384,Diesel,First Owner,Manual,162300
Honda,City,2007,252662,Petrol,First Owner,Manual,62500
Honda,City,2023,8111,Diesel,First Owner,Automatic,828100
Honda,City,2017,126782,CNG,First Owner,Manual,245300
Honda,City,2022,40999,Petrol,Second Owner,Automatic,595300
Honda,City,2023,22934,Diesel,Second Owner,Automatic,695800
Honda,City,2012,185957,Diesel,Second Owner,Automatic,156100
Honda,City,2020,44625,Petrol,First Owner,Manual,521000
Honda,City,2012,182436,Diesel,First Owner,Manual,152300
Honda,City,2013,164816,Petrol,First Owner,Manual,169400
Honda,City,2015,156446,Diesel,First Owner,Manual,227600
Honda,City,2010,223514,CNG,Second Owner,Automatic,85000
Honda,City,2011,200565,Diesel,First Owner,Manual,121900
Honda,City,2016,130929,Petrol,Second Owner,Manual,192000
Honda,City,2020,54732,CNG,Third Owner,Automatic,362000
Honda,City,2015,131081,Diesel,Third Owner,Automatic,195800
Honda,City,2013,146962,CNG,First Owner,Manual,151700
Honda,City,2006,276332,CNG,Second Owner,Manual,49800
Honda,City,2021,40888,Petrol,First Owner,Manual,542500
Honda,City,2015,153000,CNG,First Owner,Manual,188000
Honda,City,2008,239970,Diesel,First Owner,Manual,64400
Honda,City,2015,149805,Diesel,First Owner,Manual,222100
Honda,City,2016,119644,Diesel,First Owner,Manual,276000
Honda,City,2012,191068,Petrol,Second Owner,Automatic,137900
Honda,City,2017,114771,CNG,First Owner,Automatic,278300
Honda,City,2020,78537,Petrol,Third Owner,Automatic,363700
Honda,City,2015,141487,CNG,Third Owner,Manual,134500
Honda,City,2010,208408,Petrol,First Owner,Manual,100000
Honda,City,2008,238133,Diesel,First Owner,Manual,70100
Honda,City,2016,127237,Petrol,First Owner,Manual,248800
Honda,City,2011,189735,CNG,First Owner,Automatic,118300
Honda,City,2021,44618,Diesel,Second Owner,Manual,467100
Honda,City,2014,135478,Petrol,Second Owner,Automatic,178600
Honda,City,2023,24524,Diesel,Second Owner,Manual,578400
Honda,City,2012,180479,CNG,First Owner,Manual,124300
Honda,City,2019,90726,Diesel,Second Owner,Manual,353600
Honda,City,2010,215698,CNG,First Owner,Manual,90700
Honda,City,2007,261582,Petrol,First Owner,Manual,57600
Honda,City,2020,63235,Diesel,First Owner,Automatic,523100
Honda,City,2009,229445,Petrol,Second Owner,Automatic,68200
Honda,Amaze,2012,184325,Petrol,First Owner,Automatic,145200
Honda,Amaze,2016,116369,Diesel,Third Owner,Manual,220600
Honda,Amaze,2013,165888,CNG,First Owner,Manual,148900
Honda,Amaze,2023,18705,Diesel,First Owner,Manual,695900
Honda,Amaze,2016,119295,Petrol,First Owner,Manual,243300
Honda,Amaze,2014,155660,Petrol,First Owner,Automatic,219500
Honda,Amaze,2016,122733,CNG,Third Owner,Automatic,191100
Honda,Amaze,2005,299638,Diesel,Second Owner,Manual,60900
Honda,Amaze,2022,29222,CNG,First Owner,Manual,573300
Honda,Amaze,2017,115876,Diesel,First Owner,Manual,311900
Honda,Amaze,2021,51601,CNG,Second Owner,Manual,431200
Honda,Amaze,2013,152518,Diesel,First Owner,Manual,165700
Honda,Amaze,2008,237762,Diesel,Second Owner,Manual,56500
Honda,Amaze,2009,221591,Petrol,Third Owner,Manual,58200
Honda,Amaze,2014,153474,CNG,First Owner,Manual,157500
Honda,Amaze,2011,212587,Diesel,First Owner,Automatic,142200
Honda,Amaze,2016,111202,Diesel,First Owner,Automatic,301600
Honda,Amaze,2013,173204,Diesel,First Owner,Manual,167300
Honda,Amaze,2013,176158,Petrol,Third Owner,Manual,120000
Honda,Amaze,2019,66304,Petrol,Second Owner,Manual,366200
Honda,Amaze,2008,222505,Diesel,First Owner,Automatic,80100
Honda,Amaze,2010,211994,CNG,Second Owner,Manual,76500
Honda,Amaze,2008,244762,Petrol,First Owner,Manual,63500
Honda,Amaze,2008,256410,Petrol,Second Owner,Manual,51000
Honda,Amaze,2013,163079,Petrol,First Owner,Manual,170300
Honda,Amaze,2020,60925,CNG,Second Owner,Manual,348600
Honda,Amaze,2010,202824,Diesel,Third Owner,Automatic,87800
Honda,Amaze,2006,275006,Diesel,Second Owner,Manual,60800
Honda,Amaze,2009,223038,CNG,Second Owner,Automatic,67900
Honda,Amaze,2019,80532,CNG,First Owner,Manual,357700
Honda,Amaze,2009,229990,CNG,First Owner,Manual,68500
Honda,Amaze,2011,202270,CNG,First Owner,Manual,112200
Honda,Amaze,2013,177283,CNG,First Owner,Manual,148700
Honda,Amaze,2013,162011,CNG,First Owner,Manual,153200
Honda,Amaze,2017,108301,CNG,Third Owner,Automatic,218300
Honda,Amaze,2007,243517,CNG,Third Owner,Automatic,45400
Honda,Amaze,2020,65456,Diesel,First Owner,Manual,463200
Honda,Amaze,2021,45393,CNG,First Owner,Automatic,515200
Honda,Amaze,2006,277734,Petrol,First Owner,Manual,60800
Honda,Amaze,2020,73806,CNG,Second Owner,Manual,327600
Honda,Amaze,2012,182587,Petrol,Second Owner,Automatic,143900
Honda,Amaze,2019,78105,CNG,First Owner,Manual,396000
Honda,Amaze,2018,101220,Petrol,Second Owner,Manual,268400
Honda,Amaze,2007,247206,Diesel,First Owner,Manual,67000
Honda,Amaze,2008,243469,Petrol,First Owner,Manual,62600
Honda,Amaze,2010,205265,CNG,Second Owner,Manual,71100
Honda,Amaze,2023,14437,CNG,First Owner,Manual,649700
Honda,Amaze,2022,41901,Diesel,First Owner,Manual,623600
Honda,Amaze,2019,95777,CNG,Third Owner,Manual,250200
Honda,Amaze,2018,87997,CNG,First Owner,Manual,329100
Honda,Amaze,2017,111799,Diesel,First Owner,Manual,335500
Honda,Amaze,2005,271826,CNG,First Owner,Manual,52500
Honda,Amaze,2009,236775,Diesel,Third Owner,Manual,56700
Honda,Amaze,2013,169719,CNG,First Owner,Manual,151600
Honda,Amaze,2008,252290,Petrol,First Owner,Automatic,66500
Honda,Amaze,2013,171761,Diesel,First Owner,Manual,187700
Honda,Amaze,2007,257654,Petrol,First Owner,Automatic,71500
Honda,Amaze,2008,230998,CNG,Second Owner,Manual,52000
Honda,Amaze,2017,112390,Diesel,First Owner,Automatic,344200
Honda,Amaze,2008,246284,Petrol,Second Owner,Automatic,64400
Honda,Jazz,2017,119194,Diesel,First Owner,Manual,300300
Honda,Jazz,2012,188253,Petrol,First Owner,Manual,137800
Honda,Jazz,2019,80186,Petrol,First Owner,Manual,391700
Honda,Jazz,2009,219532,Diesel,First Owner,Manual,72300
Honda,Jazz,2017,109364,Diesel,Second Owner,Manual,259300
Honda,Jazz,2022,43041,Petrol,First Owner,Manual,543900
Honda,Jazz,2021,50072,Diesel,First Owner,Automatic,589600
Honda,Jazz,2018,98083,Diesel,First Owner,Manual,356200
Honda,Jazz,2005,290600,Diesel,Second Owner,Automatic,64500
Honda,Jazz,2009,225165,Diesel,First Owner,Automatic,83100
Honda,Jazz,2016,132194,Petrol,First Owner,Manual,251800
Honda,Jazz,2009,240729,Diesel,First Owner,Manual,73100
Honda,Jazz,2019,72932,CNG,First Owner,Manual,380000
Honda,Jazz,2013,171293,CNG,First Owner,Manual,141300
Honda,Jazz,2005,277573,CNG,First Owner,Manual,55000
Honda,Jazz,2013,182177,Petrol,First Owner,Automatic,169800
Honda,Jazz,2013,160811,Diesel,Third Owner,Manual,139700
Honda,Jazz,2017,94902,Petrol,Third Owner,Manual,244400
Honda,Jazz,2015,129262,Petrol,First Owner,Manual,214100
Honda,Jazz,2005,291037,Petrol,First Owner,Manual,60200
Honda,Jazz,2017,109945,CNG,First Owner,Manual,257500
Honda,Jazz,2021,48460,Diesel,Second Owner,Manual,523300
Honda,Jazz,2005,308334,Petrol,First Owner,Automatic,71000
Honda,Jazz,2007,253286,CNG,First Owner,Automatic,64900
Honda,Jazz,2012,175941,Diesel,Third Owner,Automatic,123800
Honda,Jazz,2022,40179,Petrol,First Owner,Manual,581900
Honda,Jazz,2011,204469,CNG,Third Owner,Automatic,89800
Honda,Jazz,2009,224772,CNG,Third Owner,Automatic,54200
Honda,Jazz,2022,22517,Petrol,First Owner,Automatic,716600
Honda,Jazz,2015,137377,Diesel,Third Owner,Manual,175400
Honda,Jazz,2013,172982,Petrol,First Owner,Automatic,185800
Honda,Jazz,2013,174213,CNG,Second Owner,Manual,124800
Honda,Jazz,2005,282259,Diesel,First Owner,Automatic,74500
Honda,Jazz,2016,134445,Petrol,Third Owner,Manual,163800
Honda,Jazz,2011,201217,Petrol,Third Owner,Automatic,94400
Honda,Jazz,2011,208108,Petrol,First Owner,Automatic,141900
Honda,Jazz,2020,58886,Petrol,First Owner,Automatic,535700
Honda,Jazz,2017,95145,CNG,First Owner,Manual,301000
Honda,Jazz,2022,18865,Petrol,First Owner,Manual,658300
Honda,Jazz,2006,272420,Petrol,First Owner,Manual,64200
Honda,Jazz,2022,24650,Petrol,First Owner,Manual,650300
Honda,Jazz,2014,163850,Diesel,First Owner,Manual,213900
Honda,Jazz,2021,57342,CNG,First Owner,Manual,437200
Honda,Jazz,2023,14920,CNG,First Owner,Manual,602100
Honda,Jazz,2005,294618,CNG,Third Owner,Automatic,44700
Honda,Jazz,2015,149638,CNG,Second Owner,Manual,157800
Honda,Jazz,2008,255521,CNG,First Owner,Manual,55900
Honda,Jazz,2021,56788,CNG,Third Owner,Manual,343600
Honda,Jazz,2010,223798,CNG,Third Owner,Manual,61700
Honda,Jazz,2006,269589,Diesel,First Owner,Manual,71800
Honda,Jazz,2014,152196,Petrol,Third Owner,Manual,145100
Honda,Jazz,2005,287145,Diesel,First Owner,Manual,70100
Honda,Jazz,2020,65811,Diesel,First Owner,Manual,501200
Honda,Jazz,2005,300635,Petrol,Third Owner,Manual,47400
Honda,Jazz,2011,204319,CNG,First Owner,Manual,100100
Honda,Jazz,2023,21371,CNG,First Owner,Automatic,629300
Honda,Jazz,2018,99741,Diesel,Second Owner,Manual,320000
Honda,Jazz,2022,34813,Petrol,Third Owner,Manual,432600
Honda,Jazz,2006,280624,Diesel,Third Owner,Automatic,58500
Honda,Jazz,2022,38726,Petrol,First Owner,Manual,599400
Honda,WR-V,2013,166053,Petrol,Second Owner,Manual,132900
Honda,WR-V,2021,57264,Petrol,First Owner,Manual,541900
Honda,WR-V,2014,141079,Diesel,First Owner,Automatic,219300
Honda,WR-V,2009,236868,CNG,Second Owner,Manual,59000
Honda,WR-V,2020,70912,Petrol,Second Owner,Automatic,400600
Honda,WR-V,2005,274494,Diesel,Second Owner,Manual,61400
Honda,WR-V,2018,88816,CNG,Second Owner,Manual,289500
Honda,WR-V,2014,158707,Diesel,Second Owner,Manual,174600
Honda,WR-V,2015,140420,Diesel,First Owner,Manual,229200
Honda,WR-V,2005,286089,Petrol,First Owner,Automatic,74000
Honda,WR-V,2020,77354,CNG,First Owner,Manual,396900
Honda,WR-V,2022,27814,Diesel,First Owner,Automatic,782700
Honda,WR-V,2006,278438,CNG,Second Owner,Manual,45700
Honda,WR-V,2023,14194,CNG,First Owner,Automatic,728700
Honda,WR-V,2007,266372,Petrol,First Owner,Manual,62200
Honda,WR-V,2010,213768,CNG,Second Owner,Manual,71300
Honda,WR-V,2014,153071,Petrol,First Owner,Manual,196800
Honda,WR-V,2016,118320,Diesel,Second Owner,Manual,239900
Honda,WR-V,2010,225680,Petrol,Third Owner,Manual,65700
Honda,WR-V,2020,74090,CNG,First Owner,Manual,404200
Honda,WR-V,2021,47362,Petrol,Second Owner,Automatic,528400
Honda,WR-V,2009,236617,Petrol,Second Owner,Manual,65000
Honda,WR-V,2021,55155,Petrol,Second Owner,Manual,415300
Honda,WR-V,2019,84593,Petrol,First Owner,Automatic,454500
Honda,WR-V,2005,283885,Petrol,First Owner,Manual,59700
Honda,WR-V,2015,136759,Diesel,Second Owner,Manual,185000
Honda,WR-V,2008,256122,CNG,First Owner,Manual,57400
Honda,WR-V,2013,171069,Petrol,Third Owner,Automatic,138500
Honda,WR-V,2010,224940,Diesel,First Owner,Manual,94700
Honda,WR-V,2006,279772,Petrol,First Owner,Manual,60800
Honda,WR-V,2023,11587,Diesel,Second Owner,Manual,672700
Honda,WR-V,2022,26101,Petrol,Third Owner,Automatic,509100
Honda,WR-V,2009,242019,CNG,First Owner,Manual,68400
Honda,WR-V,2019,87940,Diesel,First Owner,Manual,439100
Honda,WR-V,2013,176814,CNG,Third Owner,Manual,118900
Honda,WR-V,2015,135845,Diesel,First Owner,Manual,211000
Honda,WR-V,2020,60248,Diesel,Second Owner,Manual,411400
Honda,WR-V,2008,246180,Diesel,Second Owner,Manual,56300
Honda,WR-V,2019,73289,CNG,First Owner,Manual,377000
Honda,WR-V,2007,264822,Diesel,First Owner,Manual,66100
Honda,WR-V,2018,88321,CNG,First Owner,Manual,304200
Honda,WR-V,2023,16998,Diesel,First Owner,Manual,701900
Honda,WR-V,2008,247177,Diesel,First Owner,Manual,70200
Honda,WR-V,2017,105520,Diesel,First Owner,Manual,301800
Honda,WR-V,2009,243131,CNG,Second Owner,Automatic,66400
Honda,WR-V,2019,68750,CNG,First Owner,Manual,382300
Honda,WR-V,2011,197088,CNG,Second Owner,Manual,100400
Honda,WR-V,2018,88655,CNG,Third Owner,Manual,228200
Honda,WR-V,2005,282690,Petrol,Third Owner,Manual,49400
Honda,WR-V,2006,268836,Petrol,Second Owner,Automatic,58900
Honda,WR-V,2014,158893,CNG,Second Owner,Manual,153600
Honda,WR-V,2017,105621,Diesel,First Owner,Manual,305900
Honda,WR-V,2009,232983,Diesel,Second Owner,Manual,73200
Honda,WR-V,2009,237296,Petrol,First Owner,Manual,68100
Honda,WR-V,2020,53120,Petrol,First Owner,Manual,474900
Honda,WR-V,2019,61808,CNG,Second Owner,Manual,327800
Honda,WR-V,2021,36835,Diesel,First Owner,Manual,603200
Honda,WR-V,2023,26799,Diesel,Second Owner,Manual,606600
Honda,WR-V,2018,104388,Petrol,Third Owner,Manual,253800
Honda,WR-V,2008,240332,CNG,First Owner,Manual,53700
Honda,Civic,2021,72827,Diesel,First Owner,Manual,544100
Honda,Civic,2007,257636,Petrol,First Owner,Manual,66400
Honda,Civic,2007,255991,CNG,First Owner,Manual,55500
Honda,Civic,2005,280883,Diesel,First Owner,Automatic,75700
Honda,Civic,2015,122109,Diesel,First Owner,Manual,259000
Honda,Civic,2014,164686,CNG,Second Owner,Manual,151600
Honda,Civic,2023,21267,Diesel,Second Owner,Manual,597600
Honda,Civic,2007,262275,Petrol,First Owner,Automatic,66800
Honda,Civic,2009,225206,Diesel,First Owner,Manual,73900
Honda,Civic,2023,15731,CNG,First Owner,Manual,648300
Honda,Civic,2013,171191,Petrol,Second Owner,Automatic,154800
Honda,Civic,2007,254249,Petrol,Second Owner,Automatic,63500
Honda,Civic,2018,95752,Diesel,Second Owner,Manual,325500
Honda,Civic,2016,119150,Petrol,Second Owner,Automatic,231600
Honda,Civic,2010,206133,Diesel,Second Owner,Automatic,100400
Honda,Civic,2017,112039,CNG,Second Owner,Manual,218200
Honda,Civic,2018,113263,Diesel,First Owner,Manual,339400
Honda,Civic,2006,276363,Petrol,Third Owner,Manual,49800
Honda,Civic,2018,86065,Diesel,First Owner,Manual,362100
Honda,Civic,2023,12562,Diesel,First Owner,Manual,703100
Honda,Civic,2023,21244,CNG,Second Owner,Manual,531100
Honda,Civic,2005,280388,Petrol,First Owner,Manual,58000
Honda,Civic,2019,72342,Diesel,First Owner,Manual,416500
Honda,Civic,2011,210330,CNG,Second Owner,Manual,88400
Honda,Civic,2009,220331,CNG,Second Owner,Automatic,68800
Honda,Civic,2010,224553,Diesel,First Owner,Manual,95500
Honda,Civic,2019,85690,Diesel,Second Owner,Manual,380700
Honda,Civic,2013,166995,Petrol,Second Owner,Manual,131800
Honda,Civic,2017,108602,Diesel,First Owner,Manual,342200
Honda,Civic,2011,202444,CNG,First Owner,Manual,101400
Honda,Civic,2022,35658,CNG,First Owner,Manual,520200
Honda,Civic,2006,269422,Petrol,First Owner,Manual,64600
Honda,Civic,2005,293615,CNG,First Owner,Manual,55900
Honda,Civic,2009,227250,CNG,First Owner,Manual,61100
Honda,Civic,2020,56938,CNG,Second Owner,Automatic,427600
Honda,Civic,2005,291114,Diesel,Third Owner,Automatic,56000
Honda,Civic,2023,500,Diesel,Second Owner,Manual,678900
Honda,Civic,2007,254558,Diesel,First Owner,Automatic,69800
Honda,Civic,2019,80434,Petrol,First Owner,Manual,390600
Honda,Civic,2011,193393,Diesel,Second Owner,Automatic,126300
Honda,Civic,2016,108414,Diesel,Second Owner,Manual,239600
Honda,Civic,2023,21409,Petrol,First Owner,Manual,662400
Honda,Civic,2014,134289,Diesel,Third Owner,Manual,147100
Honda,Civic,2015,140041,CNG,First Owner,Manual,201100
Honda,Civic,2021,38364,CNG,First Owner,Manual,536600
Honda,Civic,2006,278114,CNG,First Owner,Manual,56700
Honda,Civic,2006,275531,Petrol,First Owner,Manual,60000
Honda,Civic,2008,256560,Diesel,Second Owner,Automatic,60600
Honda,Civic,2008,253104,CNG,First Owner,Automatic,63000
Honda,Civic,2017,117071,Diesel,First Owner,Manual,306000
Honda,Civic,2015,147338,Petrol,Second Owner,Manual,170200
Honda,Civic,2009,217841,Diesel,First Owner,Manual,73800
Honda,Civic,2012,187059,Petrol,Second Owner,Manual,119600
Honda,Civic,2010,213961,Petrol,Third Owner,Manual,65500
Honda,Civic,2007,257117,Diesel,First Owner,Automatic,78100
Honda,Civic,2009,219656,Petrol,First Owner,Manual,71600
Honda,Civic,2012,195165,Petrol,Second Owner,Manual,124200
Honda,Civic,2007,255833,CNG,Second Owner,Manual,48900
Honda,Civic,2022,35360,CNG,Third Owner,Manual,429900
Honda,Civic,2022,38983,CNG,First Owner,Automatic,613700
Toyota,Innova,2013,173696,Petrol,Second Owner,Automatic,200300
Toyota,Innova,2010,216280,Petrol,Second Owner,Manual,107000
Toyota,Innova,2014,156529,CNG,Second Owner,Automatic,195400
Toyota,Innova,2006,280892,CNG,First Owner,Automatic,80600
Toyota,Innova,2008,250288,Diesel,Second Owner,Manual,70100
Toyota,Innova,2015,142523,Petrol,Second Owner,Manual,214800
Toyota,Innova,2018,100310,Petrol,First Owner,Manual,393500
Toyota,Innova,2018,89336,Petrol,First Owner,Manual,423900
Toyota,Innova,2016,133354,CNG,First Owner,Manual,264700
Toyota,Innova,2006,284646,CNG,Second Owner,Manual,58800
Toyota,Innova,2019,75262,Diesel,First Owner,Manual,526600
Toyota,Innova,2010,216261,CNG,Third Owner,Automatic,86700
Toyota,Innova,2021,23670,CNG,First Owner,Manual,620000
Toyota,Innova,2018,96787,CNG,Third Owner,Manual,294400
Toyota,Innova,2012,193328,Petrol,Third Owner,Automatic,147300
Toyota,Innova,2006,268268,Petrol,Third Owner,Manual,58800
Toyota,Innova,2018,86035,CNG,Second Owner,Manual,348300
Toyota,Innova,2022,33224,Petrol,Second Owner,Manual,624600
Toyota,Innova,2016,121721,Petrol,First Owner,Manual,299000
Toyota,Innova,2019,91080,CNG,Second Owner,Manual,381100
Toyota,Innova,2009,235738,Diesel,Second Owner,Manual,79100
Toyota,Innova,2007,254203,Diesel,Third Owner,Manual,58700
Toyota,Innova,2018,95224,CNG,First Owner,Automatic,468300
Toyota,Innova,2007,247621,CNG,Third Owner,Manual,50200
Toyota,Innova,2016,127958,Diesel,First Owner,Manual,322500
Toyota,Innova,2022,32488,CNG,First Owner,Manual,660900
Toyota,Innova,2015,140280,Diesel,Second Owner,Automatic,294200
Toyota,Innova,2011,203917,CNG,Second Owner,Manual,126800
Toyota,Innova,2021,47264,Petrol,First Owner,Manual,668400
Toyota,Innova,2008,239164,Diesel,Second Owner,Manual,74000
Toyota,Innova,2014,147680,CNG,Third Owner,Automatic,194500
Toyota,Innova,2007,262278,Petrol,Third Owner,Manual,54800
Toyota,Innova,2010,210214,Petrol,First Owner,Manual,113400
Toyota,Innova,2009,249461,Petrol,First Owner,Manual,88400
Toyota,Innova,2022,43245,Diesel,First Owner,Manual,755400
Toyota,Innova,2007,256228,Petrol,Third Owner,Manual,63000
Toyota,Innova,2015,133769,CNG,Second Owner,Manual,218400
Toyota,Innova,2021,53861,CNG,First Owner,Manual,563500
Toyota,Innova,2014,157931,Diesel,First Owner,Manual,268000
Toyota,Innova,2009,235472,Diesel,First Owner,Automatic,112700
Toyota,Innova,2010,213441,Petrol,Second Owner,Manual,107300
Toyota,Innova,2009,223631,Petrol,First Owner,Manual,88800
Toyota,Innova,2009,222838,Petrol,Second Owner,Manual,77200
Toyota,Innova,2016,127789,Petrol,First Owner,Manual,288900
Toyota,Innova,2014,156298,Diesel,Second Owner,Automatic,264400
Toyota,Innova,2009,231242,Petrol,Third Owner,Manual,68700
Toyota,Innova,2014,148469,CNG,Second Owner,Automatic,218500
Toyota,Innova,2019,81080,Diesel,Second Owner,Manual,502500
Toyota,Innova,2009,228256,Petrol,First Owner,Automatic,101500
Toyota,Innova,2007,256412,Diesel,First Owner,Manual,85800
Toyota,Innova,2012,187667,Petrol,First Owner,Manual,176100
Toyota,Innova,2007,246606,CNG,First Owner,Manual,73300
Toyota,Innova,2021,66399,Diesel,First Owner,Manual,659400
Toyota,Innova,2017,103909,Diesel,First Owner,Manual,399800
Toyota,Innova,2019,82411,CNG,Third Owner,Manual,340000
Toyota,Innova,2019,77567,Diesel,First Owner,Manual,586600
Toyota,Innova,2018,101805,Petrol,First Owner,Manual,453400
Toyota,Innova,2021,58181,Diesel,First Owner,Automatic,805100
Toyota,Innova,2007,271407,Diesel,First Owner,Manual,87500
Toyota,Innova,2009,230474,Petrol,First Owner,Manual,92200
Toyota,Fortuner,2006,277995,CNG,First Owner,Manual,71700
Toyota,Fortuner,2005,283913,Petrol,First Owner,Manual,80100
Toyota,Fortuner,2020,73419,Diesel,First Owner,Manual,622600
Toyota,Fortuner,2012,193333,Petrol,First Owner,Manual,191700
Toyota,Fortuner,2007,253835,Diesel,Second Owner,Automatic,84200
Toyota,Fortuner,2020,60586,CNG,Second Owner,Manual,491000
Toyota,Fortuner,2005,292688,Petrol,First Owner,Manual,80800
Toyota,Fortuner,2016,121059,Petrol,First Owner,Manual,324200
Toyota,Fortuner,2016,131334,CNG,Third Owner,Manual,215200
Toyota,Fortuner,2010,217001,Petrol,Second Owner,Manual,101600
Toyota,Fortuner,2015,145643,Diesel,First Owner,Manual,278700
Toyota,Fortuner,2022,24229,CNG,First Owner,Manual,673500
Toyota,Fortuner,2014,148565,Diesel,Third Owner,Manual,181900
Toyota,Fortuner,2021,56596,Petrol,Second Owner,Automatic,633000
Toyota,Fortuner,2021,57170,CNG,Second Owner,Manual,510700
Toyota,Fortuner,2007,249599,Petrol,Second Owner,Automatic,76100
Toyota,Fortuner,2014,153415,Diesel,Third Owner,Manual,198500
Toyota,Fortuner,2015,135919,Petrol,Second Owner,Manual,241100
Toyota,Fortuner,2012,193502,CNG,First Owner,Manual,153800
Toyota,Fortuner,2007,268909,Diesel,Second Owner,Automatic,76900
Toyota,Fortuner,2020,65108,Petrol,First Owner,Manual,588800
Toyota,Fortuner,2020,62644,Petrol,Third Owner,Manual,425700
Toyota,Fortuner,2005,290399,CNG,First Owner,Automatic,76700
Toyota,Fortuner,2016,111034,Petrol,First Owner,Automatic,401800
Toyota,Fortuner,2023,17270,CNG,Second Owner,Manual,677700
Toyota,Fortuner,2007,263866,Petrol,Second Owner,Automatic,76700
Toyota,Fortuner,2011,204788,CNG,First Owner,Manual,146300
Toyota,Fortuner,2021,48906,CNG,First Owner,Manual,580000
Toyota,Fortuner,2008,248152,Diesel,First Owner,Manual,83400
Toyota,Fortuner,2015,146793,Petrol,First Owner,Manual,263700
Toyota,Fortuner,2016,122134,Petrol,First Owner,Manual,309600
Toyota,Fortuner,2019,70199,CNG,Second Owner,Manual,445300
Toyota,Fortuner,2012,178747,Diesel,First Owner,Manual,202300
Toyota,Fortuner,2020,62797,CNG,First Owner,Manual,554000
Toyota,Fortuner,2008,237261,CNG,First Owner,Manual,71000
Toyota,Fortuner,2023,25896,Petrol,Second Owner,Automatic,756900
Toyota,Fortuner,2016,132186,CNG,Second Owner,Manual,228000
Toyota,Fortuner,2018,93871,CNG,First Owner,Automatic,469800
Toyota,Fortuner,2023,17968,CNG,Third Owner,Manual,597900
Toyota,Fortuner,2017,123975,Diesel,First Owner,Manual,367500
Toyota,Fortuner,2008,244959,CNG,Third Owner,Manual,56100
Toyota,Fortuner,2007,269382,Diesel,Second Owner,Automatic,80900
Toyota,Fortuner,2015,146402,Petrol,Second Owner,Manual,230300
Toyota,Fortuner,2020,74138,Diesel,First Owner,Manual,601600
Toyota,Fortuner,2013,155946,CNG,First Owner,Automatic,196700
Toyota,Fortuner,2018,91161,Petrol,First Owner,Manual,434300
Toyota,Fortuner,2019,84864,CNG,Third Owner,Manual,352000
Toyota,Fortuner,2020,66118,Diesel,First Owner,Manual,622700
Toyota,Fortuner,2008,236564,CNG,Second Owner,Manual,62500
Toyota,Fortuner,2010,211104,CNG,First Owner,Manual,112200
Toyota,Fortuner,2017,104463,Diesel,First Owner,Manual,381300
Toyota,Fortuner,2016,119997,Diesel,Second Owner,Manual,312700
Toyota,Fortuner,2015,133813,Diesel,First Owner,Manual,275300
Toyota,Fortuner,2012,190767,CNG,First Owner,Manual,168400
Toyota,Fortuner,2014,158671,CNG,First Owner,Manual,228900
Toyota,Fortuner,2023,23215,CNG,Third Owner,Manual,589400
Toyota,Fortuner,2023,26911,CNG,First Owner,Manual,788900
Toyota,Fortuner,2008,245971,CNG,Second Owner,Manual,62800
Toyota,Fortuner,2015,143376,Diesel,First Owner,Manual,306600
Toyota,Fortuner,2007,265845,CNG,First Owner,Manual,69800
Toyota,Glanza,2023,15326,CNG,Third Owner,Manual,595200
Toyota,Glanza,2023,23305,Diesel,First Owner,Manual,898700
Toyota,Glanza,2018,98568,CNG,Second Owner,Manual,331100
Toyota,Glanza,2022,48803,Diesel,First Owner,Manual,779900
Toyota,Glanza,2019,75232,Petrol,Second Owner,Manual,426400
Toyota,Glanza,2020,56123,Petrol,Second Owner,Automatic,628100
Toyota,Glanza,2013,179109,CNG,Third Owner,Automatic,170600
Toyota,Glanza,2006,271204,CNG,First Owner,Manual,69100
Toyota,Glanza,2014,159583,Petrol,Second Owner,Automatic,220600
Toyota,Glanza,2014,148174,CNG,First Owner,Manual,207200
Toyota,Glanza,2012,188948,Petrol,Second Owner,Manual,154200
Toyota,Glanza,2018,98418,Diesel,Second Owner,Manual,380000
Toyota,Glanza,2009,243890,Diesel,Second Owner,Manual,90800
Toyota,Glanza,2020,67572,Petrol,First Owner,Automatic,623800
Toyota,Glanza,2014,166542,Diesel,Third Owner,Manual,202200
Toyota,Glanza,2017,97262,CNG,Second Owner,Manual,319600
Toyota,Glanza,2021,58869,CNG,Third Owner,Automatic,473200
Toyota,Glanza,2007,256024,Petrol,Second Owner,Automatic,74100
Toyota,Glanza,2023,18839,CNG,First Owner,Manual,730000
Toyota,Glanza,2010,200561,Petrol,Third Owner,Manual,86600
Toyota,Glanza,2023,29275,CNG,Third Owner,Manual,552200
Toyota,Glanza,2012,188400,Diesel,Third Owner,Automatic,157600
Toyota,Glanza,2016,125715,CNG,First Owner,Manual,297900
Toyota,Glanza,2006,273512,CNG,Third Owner,Manual,51900
Toyota,Glanza,2017,102657,Diesel,Third Owner,Manual,313000
Toyota,Glanza,2012,203797,Diesel,First Owner,Automatic,211200
Toyota,Glanza,2013,164098,Petrol,First Owner,Automatic,218600
Toyota,Glanza,2019,97823,CNG,First Owner,Automatic,489300
Toyota,Glanza,2006,274508,Diesel,First Owner,Manual,89300
Toyota,Glanza,2018,98231,Petrol,Second Owner,Manual,372800
Toyota,Glanza,2016,113633,CNG,Second Owner,Manual,244500
Toyota,Glanza,2006,281167,CNG,Second Owner,Manual,65700
Toyota,Glanza,2009,235344,Diesel,First Owner,Manual,93300
Toyota,Glanza,2021,50103,CNG,Third Owner,Automatic,532100
Toyota,Glanza,2018,96857,Diesel,Third Owner,Manual,330900
Toyota,Glanza,2023,13232,Diesel,Second Owner,Manual,795300
Toyota,Glanza,2010,208892,CNG,First Owner,Automatic,132200
Toyota,Glanza,2012,189830,Petrol,Third Owner,Manual,137500
Toyota,Glanza,2010,225560,CNG,First Owner,Manual,108200
Toyota,Glanza,2023,23415,Petrol,First Owner,Manual,863900
Toyota,Glanza,2019,84357,Petrol,Second Owner,Manual,455700
Toyota,Glanza,2013,161739,Diesel,Second Owner,Manual,191800
Toyota,Glanza,2011,178855,Diesel,Second Owner,Manual,132800
Toyota,Glanza,2009,214620,Petrol,First Owner,Manual,93200
Toyota,Glanza,2012,176704,Diesel,First Owner,Manual,203300
Toyota,Glanza,2017,118874,CNG,First Owner,Manual,320500
Toyota,Glanza,2013,179151,Petrol,First Owner,Manual,219900
Toyota,Glanza,2006,279523,Petrol,First Owner,Manual,75900
Toyota,Glanza,2017,107976,CNG,First Owner,Manual,325900
Toyota,Glanza,2020,61249,Diesel,Third Owner,Manual,463700
Toyota,Glanza,2021,44329,Diesel,First Owner,Manual,773500
Toyota,Glanza,2013,172541,CNG,First Owner,Manual,202100
Toyota,Glanza,2013,159723,Diesel,First Owner,Manual,211000
Toyota,Glanza,2020,56174,Petrol,Second Owner,Automatic,599700
Toyota,Glanza,2019,84286,Petrol,First Owner,Manual,468600
Toyota,Glanza,2019,81489,Diesel,First Owner,Automatic,606300
Toyota,Glanza,2019,72200,Diesel,First Owner,Manual,584700
Toyota,Glanza,2009,239858,Petrol,First Owner,Manual,88300
Toyota,Glanza,2010,214994,CNG,Third Owner,Manual,84000
Toyota,Glanza,2005,275122,CNG,Second Owner,Manual,67000
Toyota,Yaris,2012,186376,Diesel,First Owner,Manual,197400
Toyota,Yaris,2017,98053,Diesel,Second Owner,Automatic,436200
Toyota,Yaris,2009,238738,CNG,Second Owner,Manual,78500
Toyota,Yaris,2005,291602,Diesel,Third Owner,Manual,68100
Toyota,Yaris,2015,171436,CNG,First Owner,Automatic,285000
Toyota,Yaris,2014,144218,Diesel,Second Owner,Manual,222600
Toyota,Yaris,2017,115131,Petrol,Third Owner,Automatic,282500
Toyota,Yaris,2011,203373,Petrol,First Owner,Manual,152400
Toyota,Yaris,2009,236751,Diesel,Second Owner,Automatic,102400
Toyota,Yaris,2009,236388,Diesel,Second Owner,Automatic,96400
Toyota,Yaris,2020,57532,Diesel,Second Owner,Manual,585800
Toyota,Yaris,2016,127665,CNG,First Owner,Manual,262800
Toyota,Yaris,2021,45133,Petrol,Second Owner,Manual,626700
Toyota,Yaris,2021,57485,CNG,Second Owner,Manual,510600
Toyota,Yaris,2007,267610,Petrol,Third Owner,Manual,56900
Toyota,Yaris,2012,179980,CNG,First Owner,Manual,164800
Toyota,Yaris,2006,265469,Diesel,First Owner,Manual,85600
Toyota,Yaris,2013,169194,Diesel,First Owner,Manual,223000
Toyota,Yaris,2008,244468,Petrol,Second Owner,Manual,67300
Toyota,Yaris,2014,146096,Diesel,Second Owner,Manual,226900
Toyota,Yaris,2013,160283,Petrol,First Owner,Manual,222300
Toyota,Yaris,2013,185030,CNG,First Owner,Manual,174900
Toyota,Yaris,2008,256643,Diesel,Second Owner,Automatic,88600
Toyota,Yaris,2020,65975,Diesel,Second Owner,Automatic,594700
Toyota,Yaris,2017,111153,Petrol,First Owner,Manual,339300
Toyota,Yaris,2011,196773,Petrol,First Owner,Manual,152500
Toyota,Yaris,2018,103647,CNG,First Owner,Manual,381000
Toyota,Yaris,2020,51761,Diesel,First Owner,Manual,625400
Toyota,Yaris,2019,88802,Diesel,Second Owner,Manual,460700
Toyota,Yaris,2017,107966,Petrol,First Owner,Manual,394800
Toyota,Yaris,2018,110416,CNG,Second Owner,Manual,347700
Toyota,Yaris,2006,273001,Diesel,First Owner,Manual,87700
Toyota,Yaris,2020,65321,Petrol,First Owner,Manual,539200
Toyota,Yaris,2018,97812,Diesel,First Owner,Manual,474100
Toyota,Yaris,2019,79468,Diesel,Second Owner,Manual,471000
Toyota,Yaris,2021,48447,Petrol,Second Owner,Manual,617700
Toyota,Yaris,2019,84528,CNG,First Owner,Manual,487200
Toyota,Yaris,2016,129893,Diesel,Second Owner,Automatic,323600
Toyota,Yaris,2014,153763,Diesel,First Owner,Manual,258200
Toyota,Yaris,2008,241836,Diesel,Third Owner,Manual,60800
Toyota,Yaris,2022,36463,Diesel,First Owner,Manual,844200
Toyota,Yaris,2021,50445,Petrol,Second Owner,Manual,538600
Toyota,Yaris,2012,189137,Diesel,Third Owner,Automatic,168100
Toyota,Yaris,2022,38919,Diesel,Third Owner,Automatic,707400
Toyota,Yaris,2008,240053,Diesel,Second Owner,Automatic,85900
Toyota,Yaris,2008,227395,CNG,Second Owner,Automatic,65800
Toyota,Yaris,2022,38645,CNG,First Owner,Manual,662700
Toyota,Yaris,2014,155984,CNG,First Owner,Manual,224400
Toyota,Yaris,2008,249303,Petrol,First Owner,Manual,84300
Toyota,Yaris,2005,296273,Petrol,Second Owner,Manual,65900
Toyota,Yaris,2010,221641,Diesel,First Owner,Manual,122600
Toyota,Yaris,2021,53940,Diesel,Second Owner,Manual,604400
Toyota,Yaris,2018,110799,CNG,Second Owner,Manual,297100
Toyota,Yaris,2009,218225,Petrol,Second Owner,Manual,74100
Toyota,Yaris,2015,131023,Petrol,First Owner,Manual,250200
Toyota,Yaris,2009,250814,CNG,First Owner,Manual,87000
Toyota,Yaris,2021,58218,CNG,Second Owner,Automatic,593400
Toyota,Yaris,2015,138574,Diesel,First Owner,Manual,286200
Toyota,Yaris,2009,227327,Petrol,Third Owner,Manual,69900
Toyota,Yaris,2019,71723,CNG,First Owner,Automatic,552900
Toyota,Etios,2011,202461,CNG,First Owner,Manual,142300
Toyota,Etios,2009,227716,CNG,Third Owner,Manual,59000
Toyota,Etios,2022,32216,CNG,First Owner,Manual,727300
Toyota,Etios,2023,26750,Diesel,First Owner,Automatic,1024900
Toyota,Etios,2021,52162,Diesel,First Owner,Manual,665200
Toyota,Etios,2008,246799,Diesel,First Owner,Manual,84000
Toyota,Etios,2012,193193,CNG,Second Owner,Automatic,163500
Toyota,Etios,2012,162414,Diesel,First Owner,Manual,201500
Toyota,Etios,2023,14069,CNG,Second Owner,Manual,686700
Toyota,Etios,2011,188810,Diesel,First Owner,Manual,158900
Toyota,Etios,2018,97495,Petrol,First Owner,Manual,420700
Toyota,Etios,2021,51411,Diesel,Second Owner,Manual,607200
Toyota,Etios,2013,160178,Diesel,Second Owner,Automatic,225200
Toyota,Etios,2018,89249,Petrol,First Owner,Manual,462200
Toyota,Etios,2009,239406,CNG,First Owner,Manual,83800
Toyota,Etios,2010,213084,CNG,First Owner,Automatic,125800
Toyota,Etios,2018,100910,Diesel,First Owner,Manual,446800
Toyota,Etios,2016,129910,Diesel,First Owner,Manual,307100
Toyota,Etios,2023,3424,Diesel,Third Owner,Manual,755600
Toyota,Etios,2020,73875,Petrol,First Owner,Manual,591600
Toyota,Etios,2018,88160,Diesel,Third Owner,Automatic,406100
Toyota,Etios,2009,230812,Petrol,First Owner,Manual,90700
Toyota,Etios,2019,87653,Petrol,Second Owner,Manual,418000
Toyota,Etios,2012,195393,Diesel,First Owner,Manual,197100
Toyota,Etios,2019,78980,Petrol,Second Owner,Manual,462400
Toyota,Etios,2014,143517,CNG,Second Owner,Manual,175700
Toyota,Etios,2022,32664,CNG,First Owner,Automatic,776700
Toyota,Etios,2005,288775,Petrol,Second Owner,Manual,73200
Toyota,Etios,2013,171373,CNG,Second Owner,Manual,154200
Toyota,Etios,2022,29157,CNG,First Owner,Manual,701300
Toyota,Etios,2005,287296,Petrol,Third Owner,Manual,56500
Toyota,Etios,2008,249262,Petrol,First Owner,Manual,74400
Toyota,Etios,2007,271166,CNG,First Owner,Manual,70100
Toyota,Etios,2005,306261,CNG,First Owner,Manual,70000
Toyota,Etios,2018,99834,Petrol,First Owner,Manual,431300
Toyota,Etios,2012,181151,Diesel,First Owner,Manual,205700
Toyota,Etios,2013,178304,Diesel,First Owner,Manual,227700
Toyota,Etios,2005,293326,Diesel,Second Owner,Manual,68900
Toyota,Etios,2022,32596,CNG,First Owner,Manual,708400
Toyota,Etios,2011,196623,Petrol,First Owner,Automatic,174300
Toyota,Etios,2022,54508,CNG,First Owner,Manual,632900
Toyota,Etios,2014,149013,CNG,Third Owner,Manual,173500
Toyota,Etios,2020,64112,CNG,First Owner,Manual,547400
Toyota,Etios,2023,26015,CNG,First Owner,Manual,758400
Toyota,Etios,2007,257489,Petrol,Second Owner,Manual,73600
Toyota,Etios,2018,102621,Petrol,Second Owner,Automatic,396200
Toyota,Etios,2015,125253,CNG,First Owner,Manual,277000
Toyota,Etios,2015,123237,Petrol,First Owner,Manual,260800
Toyota,Etios,2009,229689,Diesel,First Owner,Manual,93600
Toyota,Etios,2022,34592,CNG,Second Owner,Automatic,674600
Toyota,Etios,2007,243597,CNG,First Owner,Manual,77600
Toyota,Etios,2017,105936,CNG,First Owner,Manual,362600
Toyota,Etios,2005,295450,Petrol,First Owner,Manual,72400
Toyota,Etios,2013,175434,CNG,Third Owner,Manual,133100
Toyota,Etios,2014,157029,Diesel,Third Owner,Manual,190200
Toyota,Etios,2011,194720,Petrol,First Owner,Automatic,164000
Toyota,Etios,2013,161528,CNG,First Owner,Manual,195100
Toyota,Etios,2023,16071,Petrol,First Owner,Manual,790500
Toyota,Etios,2013,184383,CNG,Second Owner,Manual,174400
Toyota,Etios,2005,283620,CNG,Second Owner,Manual,64500
Tata,Nexon,2019,88443,CNG,Third Owner,Manual,226500
Tata,Nexon,2018,95103,Diesel,First Owner,Manual,294900
Tata,Nexon,2016,122629,CNG,First Owner,Manual,180400
Tata,Nexon,2019,79741,Diesel,First Owner,Manual,321800
Tata,Nexon,2023,28631,Petrol,Third Owner,Manual,358500
Tata,Nexon,2012,162231,Petrol,First Owner,Manual,114500
Tata,Nexon,2008,253378,Petrol,Second Owner,Manual,41900
Tata,Nexon,2013,171482,Petrol,First Owner,Manual,127000
Tata,Nexon,2006,279214,Petrol,Third Owner,Automatic,42400
Tata,Nexon,2008,236276,CNG,First Owner,Manual,49000
Tata,Nexon,2006,262934,CNG,First Owner,Manual,48600
Tata,Nexon,2019,91707,Petrol,First Owner,Manual,281000
Tata,Nexon,2006,268770,Diesel,First Owner,Manual,52700
Tata,Nexon,2005,287567,Diesel,First Owner,Automatic,63500
Tata,Nexon,2008,234941,Petrol,First Owner,Manual,47100
Tata,Nexon,2008,260934,Petrol,Second Owner,Manual,45100
Tata,Nexon,2011,203424,CNG,First Owner,Manual,89600
Tata,Nexon,2019,77652,Petrol,First Owner,Automatic,335700
Tata,Nexon,2014,146723,CNG,Second Owner,Manual,126200
Tata,Nexon,2009,225138,Petrol,First Owner,Manual,55800
Tata,Nexon,2005,278358,Petrol,First Owner,Manual,52200
Tata,Nexon,2006,273701,Diesel,First Owner,Automatic,61200
Tata,Nexon,2011,201607,CNG,First Owner,Manual,86100
Tata,Nexon,2015,132865,CNG,Second Owner,Manual,130800
Tata,Nexon,2015,144610,Petrol,First Owner,Automatic,190800
Tata,Nexon,2012,192501,Diesel,Second Owner,Manual,109400
Tata,Nexon,2015,142735,Diesel,First Owner,Automatic,197200
Tata,Nexon,2007,252729,Diesel,First Owner,Manual,51700
Tata,Nexon,2011,188014,Diesel,First Owner,Manual,96700
Tata,Nexon,2010,202020,Petrol,Third Owner,Manual,55500
Tata,Nexon,2022,35133,Petrol,Second Owner,Automatic,424200
Tata,Nexon,2009,235282,Diesel,Second Owner,Automatic,59200
Tata,Nexon,2011,197989,Diesel,Second Owner,Automatic,106500
Tata,Nexon,2018,100577,CNG,First Owner,Manual,262500
Tata,Nexon,2011,202794,Diesel,First Owner,Manual,103800
Tata,Nexon,2006,282280,CNG,Second Owner,Automatic,42900
Tata,Nexon,2009,228758,Diesel,Third Owner,Automatic,56300
Tata,Nexon,2020,67337,Petrol,Second Owner,Automatic,370100
Tata,Nexon,2007,263931,CNG,Second Owner,Manual,39700
Tata,Nexon,2010,221886,Diesel,Second Owner,Manual,71100
Tata,Nexon,2020,54588,CNG,Third Owner,Manual,244600
Tata,Nexon,2012,186732,Petrol,First Owner,Manual,107100
Tata,Nexon,2018,102969,Diesel,First Owner,Manual,296600
Tata,Nexon,2014,148297,Diesel,First Owner,Manual,148600
Tata,Nexon,2021,43895,Diesel,First Owner,Manual,461700
Tata,Nexon,2013,164185,Diesel,First Owner,Manual,135500
Tata,Nexon,2007,257899,CNG,First Owner,Manual,47600
Tata,Nexon,2012,187568,Petrol,First Owner,Manual,113000
Tata,Nexon,2015,142352,Diesel,Second Owner,Automatic,185100
Tata,Nexon,2011,206751,CNG,Second Owner,Manual,79600
Tata,Nexon,2022,35892,Diesel,First Owner,Manual,548100
Tata,Nexon,2017,109452,CNG,Second Owner,Manual,192200
Tata,Nexon,2009,233814,CNG,Second Owner,Manual,46300
Tata,Nexon,2022,30698,Diesel,Second Owner,Manual,471400
Tata,Nexon,2015,144794,CNG,First Owner,Manual,162000
Tata,Nexon,2005,283021,Diesel,First Owner,Automatic,58000
Tata,Nexon,2005,278267,Diesel,First Owner,Manual,55000
Tata,Nexon,2017,110014,CNG,First Owner,Manual,198600
Tata,Nexon,2006,279079,Diesel,Second Owner,Automatic,55500
Tata,Nexon,2023,17828,Diesel,Third Owner,Manual,424400
Tata,Harrier,2022,28136,Diesel,Second Owner,Manual,483400
Tata,Harrier,2007,265942,Petrol,First Owner,Manual,45800
Tata,Harrier,2020,70253,Diesel,First Owner,Manual,397000
Tata,Harrier,2007,260894,Diesel,First Owner,Manual,50700
Tata,Harrier,2018,76267,Petrol,First Owner,Manual,279100
Tata,Harrier,2011,215279,Petrol,Third Owner,Manual,74100
Tata,Harrier,2020,70675,Diesel,Second Owner,Manual,346100
Tata,Harrier,2013,178794,Petrol,First Owner,Manual,121300
Tata,Harrier,2017,105236,Diesel,Third Owner,Automatic,215900
Tata,Harrier,2023,16312,Petrol,Second Owner,Manual,494900
Tata,Harrier,2019,71210,Diesel,First Owner,Automatic,423700
Tata,Harrier,2018,107627,Petrol,First Owner,Manual,255000
Tata,Harrier,2017,114314,CNG,First Owner,Manual,194800
Tata,Harrier,2010,212293,Diesel,Third Owner,Manual,63100
Tata,Harrier,2007,255892,Petrol,Third Owner,Manual,38700
Tata,Harrier,2008,232868,Diesel,First Owner,Manual,55700
Tata,Harrier,2015,135944,Petrol,First Owner,Manual,155300
Tata,Harrier,2019,82570,Diesel,First Owner,Manual,323800
Tata,Harrier,2006,278939,Petrol,First Owner,Manual,49400
Tata,Harrier,2007,260266,Petrol,First Owner,Manual,53100
Tata,Harrier,2009,223636,Petrol,First Owner,Manual,54100
Tata,Harrier,2014,156181,Petrol,First Owner,Manual,138500
Tata,Harrier,2005,287965,Diesel,First Owner,Manual,56800
Tata,Harrier,2022,30854,Petrol,First Owner,Manual,489400
Tata,Harrier,2021,41966,Petrol,First Owner,Manual,400100
Tata,Harrier,2005,280162,Petrol,Second Owner,Automatic,51500
Tata,Harrier,2016,129489,Petrol,First Owner,Automatic,208300
Tata,Harrier,2011,197101,CNG,Second Owner,Manual,79900
Tata,Harrier,2010,214609,CNG,First Owner,Manual,70500
Tata,Harrier,2011,197631,CNG,First Owner,Manual,92600
Tata,Harrier,2008,245417,Diesel,First Owner,Manual,51900
Tata,Harrier,2017,113761,Petrol,First Owner,Manual,240600
Tata,Harrier,2016,141023,Diesel,First Owner,Manual,215000
Tata,Harrier,2008,249539,CNG,First Owner,Automatic,53900
Tata,Harrier,2010,214956,Diesel,Third Owner,Manual,63200
Tata,Harrier,2009,233569,Diesel,First Owner,Automatic,72000
Tata,Harrier,2020,66375,CNG,First Owner,Manual,348300
Tata,Harrier,2021,50621,CNG,Second Owner,Manual,307800
Tata,Harrier,2008,240268,Petrol,Second Owner,Manual,42200
Tata,Harrier,2014,167207,Petrol,First Owner,Manual,137500
Tata,Harrier,2019,79518,Diesel,First Owner,Automatic,358200
Tata,Harrier,2018,87874,CNG,Second Owner,Automatic,243800
Tata,Harrier,2015,137011,Petrol,Third Owner,Manual,120000
Tata,Harrier,2012,189535,CNG,Third Owner,Manual,73500
Tata,Harrier,2005,298549,Petrol,First Owner,Automatic,59300
Tata,Harrier,2009,233675,Petrol,First Owner,Manual,60500
Tata,Harrier,2011,200277,CNG,First Owner,Manual,82300
Tata,Harrier,2018,98215,Petrol,Second Owner,Manual,238100
Tata,Harrier,2011,198090,Petrol,Third Owner,Manual,69200
Tata,Harrier,2020,78817,Diesel,First Owner,Manual,368700
Tata,Harrier,2009,236018,Petrol,Second Owner,Manual,46900
Tata,Harrier,2014,142126,CNG,First Owner,Manual,129500
Tata,Harrier,2017,101432,Diesel,Second Owner,Manual,223400
Tata,Harrier,2020,66991,Petrol,First Owner,Manual,335200
Tata,Harrier,2021,49046,Diesel,Third Owner,Automatic,408800
Tata,Harrier,2016,117312,Diesel,First Owner,Manual,224100
Tata,Harrier,2018,113764,Petrol,First Owner,Manual,237300
Tata,Harrier,2018,78456,Diesel,Second Owner,Automatic,304800
Tata,Harrier,2020,59929,Petrol,Second Owner,Automatic,378700
Tata,Harrier,2012,179250,Diesel,First Owner,Automatic,138600
Tata,Tiago,2005,286266,Diesel,Second Owner,Automatic,49200
Tata,Tiago,2012,174102,CNG,Second Owner,Manual,84900
Tata,Tiago,2008,246511,Diesel,First Owner,Manual,56900
Tata,Tiago,2021,38595,Petrol,Third Owner,Manual,323600
Tata,Tiago,2014,145124,Diesel,Second Owner,Manual,145200
Tata,Tiago,2007,259959,Petrol,Second Owner,Automatic,47000
Tata,Tiago,2009,229345,CNG,First Owner,Manual,57300
Tata,Tiago,2020,70446,Petrol,First Owner,Automatic,395800
Tata,Tiago,2018,87659,Petrol,First Owner,Manual,267900
Tata,Tiago,2020,54268,Petrol,First Owner,Manual,387500
Tata,Tiago,2011,201097,Petrol,Second Owner,Manual,88100
Tata,Tiago,2018,97564,Diesel,Second Owner,Manual,269900
Tata,Tiago,2010,217969,Petrol,First Owner,Manual,76900
Tata,Tiago,2020,66627,Diesel,Second Owner,Manual,318000
Tata,Tiago,2005,282838,Petrol,First Owner,Manual,45600
Tata,Tiago,2021,37834,Diesel,Third Owner,Manual,345400
Tata,Tiago,2018,88735,Diesel,Third Owner,Automatic,274900
Tata,Tiago,2017,120360,Diesel,Second Owner,Automatic,246400
Tata,Tiago,2008,261173,Diesel,Second Owner,Automatic,49100
Tata,Tiago,2008,245313,CNG,First Owner,Manual,47800
Tata,Tiago,2016,113371,Diesel,First Owner,Manual,207800
Tata,Tiago,2015,143623,Petrol,Second Owner,Automatic,174600
Tata,Tiago,2015,137447,Diesel,First Owner,Manual,167900
Tata,Tiago,2018,89753,Diesel,Third Owner,Automatic,272200
Tata,Tiago,2017,108565,Petrol,Third Owner,Automatic,206800
Tata,Tiago,2021,55071,Petrol,First Owner,Automatic,443600
Tata,Tiago,2022,43942,Diesel,Third Owner,Manual,371600
Tata,Tiago,2012,184280,Petrol,First Owner,Automatic,129700
Tata,Tiago,2008,233357,Petrol,Third Owner,Manual,36400
Tata,Tiago,2013,175047,Petrol,Second Owner,Manual,121600
Tata,Tiago,2008,235831,CNG,Second Owner,Manual,40800
Tata,Tiago,2012,169389,CNG,Second Owner,Manual,91900
Tata,Tiago,2017,121141,CNG,First Owner,Manual,204400
Tata,Tiago,2018,87945,Petrol,First Owner,Manual,265400
Tata,Tiago,2007,254245,Petrol,Second Owner,Manual,42200
Tata,Tiago,2015,149038,Diesel,Second Owner,Manual,145600
Tata,Tiago,2022,37925,Diesel,First Owner,Manual,518300
Tata,Tiago,2009,237370,CNG,Second Owner,Manual,43300
Tata,Tiago,2005,281367,Petrol,Second Owner,Manual,41100
Tata,Tiago,2019,77881,Petrol,Second Owner,Manual,287600
Tata,Tiago,2006,269408,CNG,First Owner,Automatic,52700
Tata,Tiago,2020,60997,CNG,Second Owner,Manual,308200
Tata,Tiago,2017,123600,Petrol,Second Owner,Manual,195800
Tata,Tiago,2012,190267,CNG,Second Owner,Automatic,105000
Tata,Tiago,2020,64045,CNG,Third Owner,Manual,234500
Tata,Tiago,2017,103323,Diesel,First Owner,Manual,254900
Tata,Tiago,2017,102406,Diesel,First Owner,Automatic,303400
Tata,Tiago,2022,41196,Diesel,First Owner,Manual,520700
Tata,Tiago,2006,282382,Diesel,Second Owner,Manual,46100
Tata,Tiago,2020,54813,Diesel,Third Owner,Manual,324900
Tata,Tiago,2011,199900,CNG,Third Owner,Manual,67900
Tata,Tiago,2009,228920,Diesel,Third Owner,Manual,49300
Tata,Tiago,2006,292810,Petrol,Third Owner,Manual,37200
Tata,Tiago,2015,152276,CNG,First Owner,Manual,158800
Tata,Tiago,2012,190804,Diesel,First Owner,Manual,114800
Tata,Tiago,2017,111258,CNG,Third Owner,Manual,149700
Tata,Tiago,2019,87663,Diesel,Second Owner,Manual,266700
Tata,Tiago,2008,236295,Petrol,First Owner,Manual,52700
Tata,Tiago,2012,195327,CNG,First Owner,Manual,96500
Tata,Tiago,2023,21504,Petrol,First Owner,Automatic,608600
Tata,Altroz,2014,151701,Petrol,Second Owner,Automatic,145600
Tata,Altroz,2017,108411,CNG,First Owner,Manual,218100
Tata,Altroz,2021,40347,CNG,First Owner,Automatic,457600
Tata,Altroz,2011,200694,CNG,Third Owner,Manual,65900
Tata,Altroz,2010,223706,Diesel,First Owner,Manual,78100
Tata,Altroz,2010,215291,Petrol,Second Owner,Automatic,68500
Tata,Altroz,2008,237400,CNG,First Owner,Automatic,52300
Tata,Altroz,2012,184706,Diesel,First Owner,Automatic,144500
Tata,Altroz,2014,150310,CNG,First Owner,Manual,145600
Tata,Altroz,2016,117695,CNG,First Owner,Manual,175800
Tata,Altroz,2006,275418,Diesel,Third Owner,Manual,37700
Tata,Altroz,2022,40147,Petrol,Second Owner,Manual,417200
Tata,Altroz,2018,100480,Diesel,Second Owner,Manual,249400
Tata,Altroz,2013,172764,CNG,First Owner,Manual,120600
Tata,Altroz,2007,255648,CNG,Second Owner,Manual,38800
Tata,Altroz,2021,45391,CNG,First Owner,Automatic,425200
Tata,Altroz,2018,80056,Petrol,First Owner,Manual,276300
Tata,Altroz,2022,49221,Diesel,First Owner,Manual,471500
Tata,Altroz,2015,140789,Petrol,First Owner,Manual,179400
Tata,Altroz,2012,180569,Diesel,Third Owner,Automatic,95700
Tata,Altroz,2021,49070,Diesel,First Owner,Manual,457800
Tata,Altroz,2014,148218,CNG,First Owner,Manual,126700
Tata,Altroz,2015,147503,Diesel,Second Owner,Manual,163800
Tata,Altroz,2022,32378,CNG,Third Owner,Manual,333500
Tata,Altroz,2013,179587,Petrol,Second Owner,Manual,114600
Tata,Altroz,2013,170572,Petrol,Third Owner,Manual,95700
Tata,Altroz,2012,181370,Diesel,First Owner,Automatic,142200
Tata,Altroz,2021,42505,Diesel,First Owner,Manual,497200
Tata,Altroz,2012,179628,Diesel,First Owner,Manual,113200
Tata,Altroz,2007,274863,Petrol,Second Owner,Automatic,45600
Tata,Altroz,2006,280659,Diesel,Second Owner,Manual,49800
Tata,Altroz,2021,53326,CNG,First Owner,Manual,390200
Tata,Altroz,2022,32375,CNG,First Owner,Automatic,452200
Tata,Altroz,2018,87275,CNG,First Owner,Manual,283000
Tata,Altroz,2021,49052,Diesel,Third Owner,Manual,360200
Tata,Altroz,2021,47845,Petrol,First Owner,Manual,396400
Tata,Altroz,2016,133015,Diesel,First Owner,Automatic,220400
Tata,Altroz,2012,182533,CNG,Third Owner,Automatic,83800
Tata,Altroz,2020,63503,CNG,Second Owner,Manual,315300
Tata,Altroz,2021,55332,Petrol,Third Owner,Automatic,362400
Tata,Altroz,2006,268179,Diesel,First Owner,Manual,52200
Tata,Altroz,2010,223708,Diesel,First Owner,Manual,81900
Tata,Altroz,2007,243172,Diesel,First Owner,Manual,50500
Tata,Altroz,2013,166888,Petrol,First Owner,Manual,127500
Tata,Altroz,2010,208825,Diesel,Second Owner,Manual,67200
Tata,Altroz,2018,93561,Petrol,First Owner,Automatic,294900
Tata,Altroz,2011,199067,Diesel,Second Owner,Automatic,93600
Tata,Altroz,2011,204183,Diesel,Third Owner,Automatic,80100
Tata,Altroz,2020,51356,CNG,First Owner,Automatic,417600
Tata,Altroz,2017,105555,CNG,Second Owner,Manual,201400
Tata,Altroz,2009,232949,Petrol,First Owner,Manual,53300
Tata,Altroz,2012,187431,Petrol,Second Owner,Manual,105100
Tata,Altroz,2005,283941,Diesel,First Owner,Manual,54500
Tata,Altroz,2021,52652,Petrol,First Owner,Automatic,489600
Tata,Altroz,2012,180748,Diesel,Second Owner,Automatic,121900
Tata,Altroz,2021,42672,CNG,First Owner,Automatic,449300
Tata,Altroz,2009,230550,Petrol,First Owner,Manual,54500
Tata,Altroz,2005,294226,CNG,First Owner,Automatic,50000
Tata,Altroz,2021,46064,Petrol,First Owner,Manual,394300
Tata,Altroz,2018,105626,CNG,First Owner,Manual,234400
Tata,Safari,2016,123559,Petrol,First Owner,Manual,202700
Tata,Safari,2015,134149,Petrol,First Owner,Manual,170400
Tata,Safari,2018,102752,Diesel,First Owner,Manual,293200
Tata,Safari,2022,52864,Petrol,First Owner,Manual,430100
Tata,Safari,2023,12415,CNG,First Owner,Manual,467000
Tata,Safari,2008,243609,Petrol,Second Owner,Manual,39900
Tata,Safari,2011,203050,Petrol,First Owner,Manual,91700
Tata,Safari,2020,73138,Petrol,First Owner,Manual,332800
Tata,Safari,2018,89200,CNG,Third Owner,Automatic,216500
Tata,Safari,2008,243095,Diesel,First Owner,Manual,57100
Tata,Safari,2021,51228,Diesel,Second Owner,Manual,362000
Tata,Safari,2023,15323,Petrol,Second Owner,Manual,486100
Tata,Safari,2017,100139,CNG,Third Owner,Manual,176400
Tata,Safari,2017,110308,CNG,Second Owner,Manual,179900
Tata,Safari,2010,225418,CNG,Second Owner,Automatic,71200
Tata,Safari,2019,80235,CNG,Second Owner,Manual,247000
Tata,Safari,2012,183183,Petrol,First Owner,Manual,107500
Tata,Safari,2006,281059,CNG,First Owner,Automatic,54500
Tata,Safari,2013,171821,Petrol,Third Owner,Manual,91800
Tata,Safari,2016,123141,CNG,Second Owner,Manual,148000
Tata,Safari,2022,34622,CNG,First Owner,Automatic,496500
Tata,Safari,2005,294267,Diesel,First Owner,Automatic,56800
Tata,Safari,2005,268405,CNG,First Owner,Manual,44700
Tata,Safari,2013,164831,CNG,Second Owner,Manual,109600
Tata,Safari,2012,182569,CNG,Second Owner,Automatic,95000
Tata,Safari,2012,189825,CNG,Second Owner,Manual,95600
Tata,Safari,2007,251130,Petrol,First Owner,Manual,51300
Tata,Safari,2014,155225,Petrol,First Owner,Automatic,174800
Tata,Safari,2011,202803,Petrol,First Owner,Manual,92600
Tata,Safari,2021,51307,Petrol,Second Owner,Automatic,411400
Tata,Safari,2017,107118,Petrol,Second Owner,Manual,191300
Tata,Safari,2012,187572,Petrol,First Owner,Automatic,127700
Tata,Safari,2005,293659,CNG,Second Owner,Automatic,41400
Tata,Safari,2009,229001,Diesel,Second Owner,Automatic,63800
Tata,Safari,2014,152722,Petrol,First Owner,Manual,149500
Tata,Safari,2005,294036,Petrol,First Owner,Manual,49600
Tata,Safari,2018,106089,Petrol,First Owner,Manual,253700
Tata,Safari,2014,168724,Petrol,Third Owner,Manual,114700
Tata,Safari,2008,220543,Petrol,First Owner,Automatic,54200
Tata,Safari,2015,141257,Petrol,First Owner,Automatic,174200
Tata,Safari,2006,271031,CNG,First Owner,Manual,45000
Tata,Safari,2014,151941,CNG,Second Owner,Manual,111300
Tata,Safari,2020,55207,CNG,Second Owner,Automatic,362100
Tata,Safari,2009,214192,CNG,First Owner,Manual,52700
Tata,Safari,2020,66549,Diesel,Third Owner,Manual,275700
Tata,Safari,2009,226398,Petrol,Second Owner,Manual,50200
Tata,Safari,2020,62121,CNG,First Owner,Automatic,391800
Tata,Safari,2012,177246,Diesel,First Owner,Manual,121800
Tata,Safari,2022,29363,Petrol,Second Owner,Manual,424300
Tata,Safari,2012,183694,CNG,First Owner,Manual,98300
Tata,Safari,2005,284115,Petrol,Third Owner,Manual,36200
Tata,Safari,2009,236898,Diesel,First Owner,Automatic,70400
Tata,Safari,2018,95707,Petrol,Second Owner,Manual,245600
Tata,Safari,2009,244989,Diesel,Second Owner,Manual,53600
Tata,Safari,2006,271454,Petrol,First Owner,Manual,46800
Tata,Safari,2009,218750,Diesel,First Owner,Manual,57500
Tata,Safari,2018,97991,CNG,First Owner,Manual,266900
Tata,Safari,2020,69102,Diesel,Second Owner,Manual,346300
Tata,Safari,2005,288933,CNG,First Owner,Automatic,51000
Tata,Safari,2005,294533,Diesel,Second Owner,Manual,49300
Mahindra,XUV500,2022,33515,CNG,First Owner,Manual,502900
Mahindra,XUV500,2010,208999,Diesel,Third Owner,Manual,77200
Mahindra,XUV500,2009,229651,Petrol,First Owner,Manual,70000
Mahindra,XUV500,2022,26916,CNG,Second Owner,Automatic,505800
Mahindra,XUV500,2015,135320,Diesel,First Owner,Automatic,240700
Mahindra,XUV500,2011,193323,Diesel,First Owner,Manual,120500
Mahindra,XUV500,2015,146413,CNG,First Owner,Manual,164900
Mahindra,XUV500,2014,156142,Petrol,Second Owner,Manual,139400
Mahindra,XUV500,2013,178946,Petrol,Second Owner,Automatic,137400
Mahindra,XUV500,2015,145293,Petrol,Third Owner,Manual,142500
Mahindra,XUV500,2014,164107,Diesel,Second Owner,Manual,175100
Mahindra,XUV500,2008,242584,Diesel,First Owner,Manual,58400
Mahindra,XUV500,2009,244108,Diesel,Second Owner,Automatic,68500
Mahindra,XUV500,2009,232115,CNG,First Owner,Automatic,64900
Mahindra,XUV500,2012,195856,CNG,First Owner,Manual,129900
Mahindra,XUV500,2021,40355,CNG,Third Owner,Manual,350400
Mahindra,XUV500,2015,135986,Diesel,First Owner,Automatic,232600
Mahindra,XUV500,2017,111374,Petrol,First Owner,Manual,252300
Mahindra,XUV500,2009,206478,Petrol,Second Owner,Manual,62100
Mahindra,XUV500,2022,24486,Petrol,First Owner,Manual,541900
Mahindra,XUV500,2014,158424,Diesel,First Owner,Manual,193400
Mahindra,XUV500,2019,85508,Diesel,Third Owner,Automatic,343000
Mahindra,XUV500,2019,77419,Petrol,Third Owner,Manual,276200
Mahindra,XUV500,2014,151434,Diesel,First Owner,Manual,192500
Mahindra,XUV500,2019,69661,Diesel,First Owner,Manual,421200
Mahindra,XUV500,2013,181472,CNG,First Owner,Automatic,145600
Mahindra,XUV500,2012,181813,Petrol,Third Owner,Manual,92800
Mahindra,XUV500,2017,100244,Petrol,First Owner,Automatic,329700
Mahindra,XUV500,2016,113788,Diesel,First Owner,Manual,246300
Mahindra,XUV500,2017,112441,Diesel,First Owner,Manual,282200
Mahindra,XUV500,2020,68060,Petrol,First Owner,Manual,398900
Mahindra,XUV500,2020,77794,Petrol,Second Owner,Manual,325500
Mahindra,XUV500,2017,123442,Diesel,Third Owner,Manual,195700
Mahindra,XUV500,2005,295558,CNG,First Owner,Manual,50400
Mahindra,XUV500,2009,237393,Diesel,Third Owner,Manual,53900
Mahindra,XUV500,2011,203437,CNG,Third Owner,Manual,70300
Mahindra,XUV500,2018,87686,Petrol,First Owner,Automatic,370700
Mahindra,XUV500,2022,46207,CNG,Second Owner,Automatic,467700
Mahindra,XUV500,2023,19133,CNG,First Owner,Manual,576900
Mahindra,XUV500,2009,230725,Diesel,Second Owner,Automatic,73600
Mahindra,XUV500,2015,156971,Petrol,First Owner,Manual,203500
Mahindra,XUV500,2018,96516,Diesel,First Owner,Manual,340800
Mahindra,XUV500,2009,222410,CNG,First Owner,Manual,66700
Mahindra,XUV500,2018,86468,CNG,First Owner,Manual,301100
Mahindra,XUV500,2016,126303,CNG,Second Owner,Manual,190800
Mahindra,XUV500,2005,295045,Diesel,Third Owner,Manual,49500
Mahindra,XUV500,2020,59762,Diesel,First Owner,Automatic,522600
Mahindra,XUV500,2015,132893,Petrol,Third Owner,Manual,144700
Mahindra,XUV500,2022,26718,Diesel,First Owner,Manual,630600
Mahindra,XUV500,2014,149380,CNG,Second Owner,Automatic,164200
Mahindra,XUV500,2007,261289,CNG,First Owner,Automatic,55700
Mahindra,XUV500,2022,31483,Petrol,Second Owner,Manual,508900
Mahindra,XUV500,2014,158292,Diesel,Second Owner,Manual,172100
Mahindra,XUV500,2008,240568,Diesel,Third Owner,Automatic,51700
Mahindra,XUV500,2017,117742,Petrol,First Owner,Manual,268200
Mahindra,XUV500,2014,155370,Diesel,Second Owner,Manual,173400
Mahindra,XUV500,2006,279594,Diesel,Second Owner,Manual,56400
Mahindra,XUV500,2015,140449,Diesel,First Owner,Manual,207600
Mahindra,XUV500,2022,40161,CNG,First Owner,Manual,530700
Mahindra,XUV500,2018,94132,Petrol,Third Owner,Manual,250200
Mahindra,Scorpio,2017,117957,Diesel,First Owner,Manual,265300
Mahindra,Scorpio,2008,239531,CNG,Second Owner,Manual,48200
Mahindra,Scorpio,2013,172456,Diesel,First Owner,Manual,162600
Mahindra,Scorpio,2023,15982,Petrol,First Owner,Manual,668400
Mahindra,Scorpio,2007,258370,CNG,First Owner,Manual,54200
Mahindra,Scorpio,2016,124210,Petrol,First Owner,Automatic,248900
Mahindra,Scorpio,2022,41931,Diesel,Second Owner,Manual,485400
Mahindra,Scorpio,2009,219146,CNG,First Owner,Automatic,73500
Mahindra,Scorpio,2008,234583,Petrol,First Owner,Manual,54800
Mahindra,Scorpio,2007,262735,Diesel,Second Owner,Automatic,57900
Mahindra,Scorpio,2008,243316,Petrol,First Owner,Manual,55100
Mahindra,Scorpio,2018,95094,Diesel,Third Owner,Manual,257400
Mahindra,Scorpio,2010,215487,Petrol,Second Owner,Manual,81400
Mahindra,Scorpio,2008,246032,Diesel,Third Owner,Manual,47600
Mahindra,Scorpio,2022,44711,Diesel,Third Owner,Manual,397100
Mahindra,Scorpio,2005,290306,CNG,First Owner,Manual,56200
Mahindra,Scorpio,2008,246573,Petrol,First Owner,Manual,61800
Mahindra,Scorpio,2013,168835,Diesel,First Owner,Automatic,179500
Mahindra,Scorpio,2022,29812,Diesel,First Owner,Automatic,724600
Mahindra,Scorpio,2013,162675,Petrol,First Owner,Automatic,176200
Mahindra,Scorpio,2017,121336,CNG,First Owner,Automatic,283400
Mahindra,Scorpio,2020,73555,Diesel,Third Owner,Manual,347000
Mahindra,Scorpio,2015,132164,Diesel,First Owner,Manual,227200
Mahindra,Scorpio,2007,252367,Diesel,First Owner,Manual,62500
Mahindra,Scorpio,2023,10814,CNG,Third Owner,Manual,432800
Mahindra,Scorpio,2008,250844,Petrol,Second Owner,Manual,47700
Mahindra,Scorpio,2012,195504,Diesel,First Owner,Manual,130300
Mahindra,Scorpio,2005,295157,CNG,First Owner,Manual,55600
Mahindra,Scorpio,2012,177688,CNG,First Owner,Manual,121600
Mahindra,Scorpio,2007,257017,CNG,Third Owner,Manual,41500
Mahindra,Scorpio,2015,142062,Petrol,Second Owner,Manual,182400
Mahindra,Scorpio,2018,90099,Petrol,First Owner,Manual,319100
Mahindra,Scorpio,2017,110141,Petrol,Second Owner,Automatic,286200
Mahindra,Scorpio,2019,81652,Diesel,First Owner,Automatic,413700
Mahindra,Scorpio,2022,36966,CNG,First Owner,Manual,529100
Mahindra,Scorpio,2018,93886,CNG,First Owner,Manual,289100
Mahindra,Scorpio,2007,253497,CNG,First Owner,Manual,57200
Mahindra,Scorpio,2020,62591,CNG,Third Owner,Manual,292100
Mahindra,Scorpio,2008,247462,Petrol,First Owner,Automatic,68400
Mahindra,Scorpio,2018,95458,Petrol,First Owner,Manual,340300
Mahindra,Scorpio,2016,129011,Petrol,Third Owner,Automatic,180500
Mahindra,Scorpio,2006,265910,Petrol,First Owner,Manual,55600
Mahindra,Scorpio,2017,109389,Petrol,Second Owner,Manual,231100
Mahindra,Scorpio,2009,234850,CNG,Third Owner,Automatic,51300
Mahindra,Scorpio,2019,75224,Petrol,Second Owner,Manual,356000
Mahindra,Scorpio,2015,131537,CNG,First Owner,Manual,190400
Mahindra,Scorpio,2007,250834,Petrol,Second Owner,Manual,47900
Mahindra,Scorpio,2007,272126,Petrol,Third Owner,Manual,39900
Mahindra,Scorpio,2011,192268,Diesel,First Owner,Manual,120200
Mahindra,Scorpio,2021,51568,CNG,Third Owner,Automatic,362800
Mahindra,Scorpio,2019,71297,Petrol,Third Owner,Manual,283800
Mahindra,Scorpio,2019,67145,CNG,First Owner,Automatic,385600
Mahindra,Scorpio,2013,159213,CNG,Second Owner,Manual,129000
Mahindra,Scorpio,2008,250659,Petrol,First Owner,Manual,55600
Mahindra,Scorpio,2020,60382,Diesel,First Owner,Manual,460000
Mahindra,Scorpio,2011,192529,Petrol,First Owner,Manual,106800
Mahindra,Scorpio,2019,79486,CNG,First Owner,Automatic,365600
Mahindra,Scorpio,2011,203593,Diesel,First Owner,Manual,120500
Mahindra,Scorpio,2021,38942,CNG,First Owner,Manual,439100
Mahindra,Scorpio,2006,279903,CNG,First Owner,Manual,49700
Mahindra,Bolero,2012,194180,Diesel,First Owner,Manual,146700
Mahindra,Bolero,2013,161656,Diesel,First Owner,Automatic,179500
Mahindra,Bolero,2014,153194,Petrol,First Owner,Manual,178800
Mahindra,Bolero,2020,58658,CNG,First Owner,Automatic,433700
Mahindra,Bolero,2015,137982,Diesel,Third Owner,Manual,145200
Mahindra,Bolero,2020,60610,Diesel,First Owner,Manual,452800
Mahindra,Bolero,2007,266459,Petrol,Second Owner,Automatic,57000
Mahindra,Bolero,2020,76877,Petrol,First Owner,Manual,374700
Mahindra,Bolero,2014,159989,Petrol,Second Owner,Automatic,158000
Mahindra,Bolero,2015,131605,Diesel,First Owner,Manual,215900
Mahindra,Bolero,2020,64803,Diesel,First Owner,Manual,463600
Mahindra,Bolero,2020,73862,Petrol,First Owner,Manual,420800
Mahindra,Bolero,2009,245615,CNG,Third Owner,Manual,43000
Mahindra,Bolero,2023,17891,CNG,Second Owner,Manual,474500
Mahindra,Bolero,2007,266880,CNG,First Owner,Manual,54200
Mahindra,Bolero,2022,53683,Diesel,Third Owner,Automatic,439900
Mahindra,Bolero,2016,131074,Diesel,Third Owner,Manual,169900
Mahindra,Bolero,2023,14844,CNG,Second Owner,Automatic,529700
Mahindra,Bolero,2019,67038,Diesel,First Owner,Automatic,476600
Mahindra,Bolero,2009,224229,Diesel,Second Owner,Manual,61200
Mahindra,Bolero,2022,31510,Diesel,First Owner,Manual,597700
Mahindra,Bolero,2011,194156,Diesel,Second Owner,Manual,102900
Mahindra,Bolero,2005,279353,Petrol,First Owner,Manual,61200
Mahindra,Bolero,2021,54983,CNG,Third Owner,Manual,353300
Mahindra,Bolero,2013,178120,Diesel,Second Owner,Manual,136500
Mahindra,Bolero,2020,75154,Diesel,First Owner,Manual,433900
Mahindra,Bolero,2017,113557,Diesel,Third Owner,Manual,205400
Mahindra,Bolero,2018,94249,CNG,Third Owner,Automatic,234200
Mahindra,Bolero,2011,199998,Petrol,First Owner,Manual,110900
Mahindra,Bolero,2019,88301,CNG,First Owner,Automatic,388700
Mahindra,Bolero,2008,250565,Diesel,First Owner,Manual,60900
Mahindra,Bolero,2016,131608,Diesel,First Owner,Automatic,264500
Mahindra,Bolero,2022,48462,Petrol,Second Owner,Manual,440100
Mahindra,Bolero,2012,187255,CNG,First Owner,Manual,121300
Mahindra,Bolero,2023,21909,Diesel,First Owner,Manual,658300
Mahindra,Bolero,2021,48156,Diesel,Second Owner,Manual,444100
Mahindra,Bolero,2008,243186,Diesel,Second Owner,Manual,57400
Mahindra,Bolero,2008,248134,CNG,Second Owner,Manual,47800
Mahindra,Bolero,2011,189773,Diesel,First Owner,Automatic,135700
Mahindra,Bolero,2009,228951,Diesel,Second Owner,Manual,67700
Mahindra,Bolero,2020,61181,Petrol,First Owner,Manual,408300
Mahindra,Bolero,2008,241245,Petrol,First Owner,Manual,60800
Mahindra,Bolero,2019,65880,Diesel,First Owner,Automatic,503600
Mahindra,Bolero,2022,46574,Diesel,Second Owner,Manual,522900
Mahindra,Bolero,2008,234635,Petrol,First Owner,Manual,55400
Mahindra,Bolero,2021,54691,CNG,Second Owner,Manual,381400
Mahindra,Bolero,2014,144982,Diesel,First Owner,Manual,183700
Mahindra,Bolero,2008,227427,Diesel,First Owner,Manual,57700
Mahindra,Bolero,2019,85788,CNG,First Owner,Manual,354400
Mahindra,Bolero,2019,85444,Petrol,Third Owner,Manual,256500
Mahindra,Bolero,2019,76191,Diesel,First Owner,Automatic,436800
Mahindra,Bolero,2021,72315,Diesel,First Owner,Manual,452400
Mahindra,Bolero,2023,13254,Petrol,First Owner,Automatic,685800
Mahindra,Bolero,2017,120735,Petrol,Third Owner,Manual,189100
Mahindra,Bolero,2020,61029,CNG,Third Owner,Automatic,337500
Mahindra,Bolero,2009,226886,CNG,First Owner,Automatic,67700
Mahindra,Bolero,2017,111784,CNG,First Owner,Manual,232800
Mahindra,Bolero,2020,65806,Diesel,Second Owner,Automatic,470700
Mahindra,Bolero,2012,198008,CNG,Third Owner,Automatic,99900
Mahindra,Bolero,2007,270147,Petrol,Second Owner,Manual,53000
Mahindra,Thar,2007,252769,CNG,Second Owner,Automatic,50300
Mahindra,Thar,2019,82782,Diesel,First Owner,Manual,400400
Mahindra,Thar,2011,199865,Diesel,First Owner,Manual,117300
Mahindra,Thar,2021,58580,Petrol,First Owner,Manual,505000
Mahindra,Thar,2008,249196,Petrol,First Owner,Manual,58200
Mahindra,Thar,2007,273963,Diesel,First Owner,Manual,66500
Mahindra,Thar,2021,34883,CNG,Second Owner,Manual,403900
Mahindra,Thar,2022,35363,Petrol,Second Owner,Manual,487700
Mahindra,Thar,2007,256214,CNG,First Owner,Manual,50800
Mahindra,Thar,2022,33243,Diesel,First Owner,Automatic,647600
Mahindra,Thar,2013,164184,Petrol,Third Owner,Manual,115400
Mahindra,Thar,2021,54784,CNG,First Owner,Manual,408400
Mahindra,Thar,2008,228679,Diesel,Second Owner,Manual,53600
Mahindra,Thar,2011,190653,Diesel,Third Owner,Manual,84700
Mahindra,Thar,2015,150490,Petrol,First Owner,Manual,208400
Mahindra,Thar,2006,269586,Diesel,Third Owner,Automatic,53200
Mahindra,Thar,2007,266945,Petrol,First Owner,Manual,53500
Mahindra,Thar,2021,44069,Petrol,Second Owner,Manual,420200
Mahindra,Thar,2012,187675,Petrol,First Owner,Automatic,150900
Mahindra,Thar,2005,290362,CNG,First Owner,Manual,52100
Mahindra,Thar,2009,222369,Petrol,First Owner,Manual,68600
Mahindra,Thar,2016,128607,Diesel,First Owner,Manual,224800
Mahindra,Thar,2012,185952,Diesel,Second Owner,Automatic,144200
Mahindra,Thar,2023,20621,Petrol,Third Owner,Manual,478300
Mahindra,Thar,2006,278691,Petrol,First Owner,Manual,58700
Mahindra,Thar,2012,186928,Diesel,First Owner,Manual,144900
Mahindra,Thar,2007,276752,Petrol,First Owner,Manual,56400
Mahindra,Thar,2012,193719,Diesel,Second Owner,Automatic,143900
Mahindra,Thar,2014,159069,Diesel,First Owner,Manual,175300
Mahindra,Thar,2016,120609,Diesel,Second Owner,Manual,212500
Mahindra,Thar,2011,213067,CNG,First Owner,Manual,96300
Mahindra,Thar,2016,116941,CNG,Second Owner,Manual,206100
Mahindra,Thar,2019,74824,Petrol,First Owner,Automatic,411000
Mahindra,Thar,2023,12885,Diesel,First Owner,Automatic,711800
Mahindra,Thar,2017,94062,Diesel,First Owner,Manual,313000
Mahindra,Thar,2018,95465,CNG,First Owner,Manual,296100
Mahindra,Thar,2016,141210,Diesel,Third Owner,Automatic,205300
Mahindra,Thar,2023,13252,Petrol,Second Owner,Manual,579100
Mahindra,Thar,2018,104291,CNG,Second Owner,Automatic,276600
Mahindra,Thar,2014,144559,CNG,First Owner,Manual,161100
Mahindra,Thar,2021,48711,Diesel,Second Owner,Automatic,484900
Mahindra,Thar,2005,310281,Diesel,Second Owner,Automatic,56700
Mahindra,Thar,2012,185895,CNG,First Owner,Manual,117800
Mahindra,Thar,2013,163359,CNG,Second Owner,Manual,114400
Mahindra,Thar,2023,11911,Petrol,First Owner,Manual,585300
Mahindra,Thar,2006,262116,Diesel,First Owner,Automatic,66700
Mahindra,Thar,2006,272141,CNG,Second Owner,Automatic,51300
Mahindra,Thar,2013,168438,Diesel,First Owner,Manual,157100
Mahindra,Thar,2010,221696,Petrol,First Owner,Manual,84100
Mahindra,Thar,2021,58849,Diesel,Second Owner,Manual,456800
Mahindra,Thar,2006,298715,Diesel,First Owner,Automatic,73800
Mahindra,Thar,2022,27574,CNG,First Owner,Manual,487900
Mahindra,Thar,2021,41020,Petrol,First Owner,Manual,531200
Mahindra,Thar,2018,98308,Petrol,Second Owner,Automatic,289700
Mahindra,Thar,2015,134082,Diesel,Third Owner,Manual,169600
Mahindra,Thar,2014,150291,CNG,First Owner,Manual,154100
Mahindra,Thar,2009,231547,CNG,First Owner,Manual,64100
Mahindra,Thar,2021,49043,CNG,Second Owner,Automatic,429800
Mahindra,Thar,2023,32608,Diesel,Second Owner,Manual,594300
Mahindra,Thar,2012,187619,CNG,First Owner,Manual,121400
Mahindra,XUV300,2018,91053,CNG,Second Owner,Manual,268100
Mahindra,XUV300,2021,49014,Diesel,First Owner,Manual,534500
Mahindra,XUV300,2012,178200,Diesel,First Owner,Manual,152100
Mahindra,XUV300,2012,197614,Diesel,Second Owner,Automatic,134700
Mahindra,XUV300,2016,122036,Diesel,Second Owner,Manual,216700
Mahindra,XUV300,2018,93816,Petrol,Second Owner,Automatic,295300
Mahindra,XUV300,2022,35556,CNG,Second Owner,Manual,422700
Mahindra,XUV300,2014,172517,Diesel,First Owner,Manual,184700
Mahindra,XUV300,2009,219945,Petrol,Third Owner,Automatic,52200
Mahindra,XUV300,2008,239796,Diesel,First Owner,Manual,66700
Mahindra,XUV300,2008,246476,Diesel,First Owner,Manual,58100
Mahindra,XUV300,2021,51502,CNG,Third Owner,Automatic,365400
Mahindra,XUV300,2017,108053,Diesel,First Owner,Automatic,354400
Mahindra,XUV300,2023,14380,CNG,Second Owner,Automatic,523500
Mahindra,XUV300,2016,141720,CNG,First Owner,Automatic,214700
Mahindra,XUV300,2020,59557,CNG,First Owner,Manual,419700
Mahindra,XUV300,2021,64703,CNG,Second Owner,Manual,364200
Mahindra,XUV300,2015,148545,Diesel,First Owner,Manual,202600
Mahindra,XUV300,2008,246037,Petrol,Second Owner,Automatic,57000
Mahindra,XUV300,2018,104270,Diesel,First Owner,Manual,313500
Mahindra,XUV300,2009,248606,CNG,First Owner,Manual,62700
Mahindra,XUV300,2015,145019,Petrol,First Owner,Manual,187800
Mahindra,XUV300,2020,49561,Diesel,Third Owner,Manual,375500
Mahindra,XUV300,2008,251234,Petrol,Second Owner,Manual,47900
Mahindra,XUV300,2021,50057,Petrol,Third Owner,Manual,382700
Mahindra,XUV300,2005,288116,Diesel,Second Owner,Manual,51700
Mahindra,XUV300,2023,12230,Petrol,Second Owner,Manual,517600
Mahindra,XUV300,2008,248866,Diesel,Third Owner,Manual,43700
Mahindra,XUV300,2009,242963,Petrol,Third Owner,Automatic,58800
Mahindra,XUV300,2012,184435,CNG,First Owner,Manual,117300
Mahindra,XUV300,2019,73459,Petrol,Second Owner,Manual,356100
Mahindra,XUV300,2018,87980,Petrol,Third Owner,Automatic,270300
Mahindra,XUV300,2022,26313,Petrol,Third Owner,Manual,408900
Mahindra,XUV300,2023,6094,Diesel,Third Owner,Manual,499400
Mahindra,XUV300,2020,73515,CNG,First Owner,Manual,387400
Mahindra,XUV300,2007,271945,CNG,Third Owner,Manual,36700
Mahindra,XUV300,2007,249022,CNG,First Owner,Manual,51100
Mahindra,XUV300,2017,110642,CNG,Second Owner,Manual,216900
Mahindra,XUV300,2010,226037,Diesel,Second Owner,Manual,84900
Mahindra,XUV300,2016,114356,CNG,First Owner,Manual,209300
Mahindra,XUV300,2014,147377,Petrol,Second Owner,Manual,149900
Mahindra,XUV300,2015,144215,CNG,First Owner,Manual,184700
Mahindra,XUV300,2020,73573,CNG,First Owner,Manual,366400
Mahindra,XUV300,2021,36513,Petrol,Third Owner,Automatic,400900
Mahindra,XUV300,2015,139490,Diesel,Second Owner,Manual,175700
Mahindra,XUV300,2006,281975,Diesel,First Owner,Manual,63700
Mahindra,XUV300,2006,272047,CNG,Third Owner,Manual,41600
Mahindra,XUV300,2008,252666,CNG,Second Owner,Manual,46500
Mahindra,XUV300,2005,291125,CNG,First Owner,Manual,55400
Mahindra,XUV300,2007,256707,CNG,First Owner,Manual,53400
Mahindra,XUV300,2010,219222,CNG,First Owner,Automatic,97200
Mahindra,XUV300,2015,133172,Diesel,First Owner,Manual,227300
Mahindra,XUV300,2006,282576,CNG,First Owner,Manual,53000
Mahindra,XUV300,2010,203923,Diesel,First Owner,Manual,99800
Mahindra,XUV300,2012,198020,Diesel,Second Owner,Manual,127700
Mahindra,XUV300,2013,172805,Petrol,First Owner,Manual,157000
Mahindra,XUV300,2018,108075,CNG,Second Owner,Manual,249200
Mahindra,XUV300,2017,111664,Petrol,Second Owner,Automatic,275300
Mahindra,XUV300,2018,93263,Diesel,First Owner,Manual,375300
Mahindra,XUV300,2023,19864,Diesel,First Owner,Manual,637500
Ford,EcoSport,2018,86472,CNG,First Owner,Manual,275300
Ford,EcoSport,2020,61562,CNG,First Owner,Manual,390700
Ford,EcoSport,2008,234962,Petrol,First Owner,Manual,54900
Ford,EcoSport,2023,23103,Petrol,Second Owner,Manual,541600
Ford,EcoSport,2007,264022,Diesel,Second Owner,Manual,51900
Ford,EcoSport,2020,67748,CNG,Second Owner,Manual,314600
Ford,EcoSport,2020,64912,Diesel,Second Owner,Manual,402300
Ford,EcoSport,2018,101910,Petrol,First Owner,Manual,303800
Ford,EcoSport,2020,58350,CNG,First Owner,Manual,392000
Ford,EcoSport,2022,33041,CNG,Third Owner,Manual,348100
Ford,EcoSport,2007,250445,Petrol,First Owner,Manual,53400
Ford,EcoSport,2008,254472,Petrol,Third Owner,Manual,42900
Ford,EcoSport,2021,36741,CNG,First Owner,Manual,430400
Ford,EcoSport,2014,156069,CNG,Third Owner,Manual,116500
Ford,EcoSport,2016,120562,Diesel,First Owner,Manual,250500
Ford,EcoSport,2016,123119,CNG,Second Owner,Manual,171400
Ford,EcoSport,2015,151450,Petrol,First Owner,Manual,188100
Ford,EcoSport,2015,134352,Diesel,First Owner,Manual,220900
Ford,EcoSport,2005,288045,CNG,First Owner,Manual,48300
Ford,EcoSport,2019,84773,CNG,First Owner,Manual,328500
Ford,EcoSport,2012,184241,Petrol,First Owner,Automatic,150800
Ford,EcoSport,2023,21116,CNG,First Owner,Manual,541100
Ford,EcoSport,2013,159374,Petrol,First Owner,Manual,153200
Ford,EcoSport,2013,165706,Petrol,First Owner,Manual,154700
Ford,EcoSport,2023,15175,CNG,Second Owner,Manual,470900
Ford,EcoSport,2020,58793,Petrol,First Owner,Automatic,515000
Ford,EcoSport,2007,269986,Petrol,First Owner,Automatic,61100
Ford,EcoSport,2006,270265,Petrol,First Owner,Manual,57600
Ford,EcoSport,2015,135617,Petrol,Second Owner,Manual,161300
Ford,EcoSport,2020,77785,Diesel,First Owner,Manual,426400
Ford,EcoSport,2011,218543,Diesel,Second Owner,Automatic,113300
Ford,EcoSport,2020,59658,CNG,Second Owner,Manual,343300
Ford,EcoSport,2018,92109,Diesel,Third Owner,Automatic,279400
Ford,EcoSport,2018,90909,Petrol,Second Owner,Automatic,330200
Ford,EcoSport,2011,196284,CNG,Third Owner,Manual,71900
Ford,EcoSport,2011,203382,Petrol,Second Owner,Manual,98800
Ford,EcoSport,2013,168706,Diesel,First Owner,Manual,159000
Ford,EcoSport,2006,274977,CNG,Second Owner,Manual,41700
Ford,EcoSport,2023,27094,Diesel,Third Owner,Manual,472800
Ford,EcoSport,2020,50707,CNG,Third Owner,Automatic,357400
Ford,EcoSport,2006,267478,CNG,First Owner,Manual,54700
Ford,EcoSport,2009,238056,Petrol,First Owner,Automatic,68100
Ford,EcoSport,2006,268793,Diesel,Third Owner,Manual,46300
Ford,EcoSport,2005,304533,Diesel,Second Owner,Automatic,57300
Ford,EcoSport,2010,223824,Diesel,First Owner,Automatic,102400
Ford,EcoSport,2006,269061,Petrol,First Owner,Automatic,59300
Ford,EcoSport,2013,177482,Diesel,Second Owner,Manual,136800
Ford,EcoSport,2005,294359,Diesel,First Owner,Manual,59100
Ford,EcoSport,2023,21748,Diesel,First Owner,Automatic,684300
Ford,EcoSport,2007,257090,Petrol,First Owner,Manual,51800
Ford,EcoSport,2010,216350,Diesel,First Owner,Automatic,111400
Ford,EcoSport,2014,149561,CNG,Second Owner,Automatic,143400
Ford,EcoSport,2009,227101,Diesel,First Owner,Manual,68600
Ford,EcoSport,2012,192255,Petrol,First Owner,Manual,136900
Ford,EcoSport,2013,167970,Diesel,First Owner,Manual,166500
Ford,EcoSport,2021,44066,Diesel,Second Owner,Manual,431100
Ford,EcoSport,2023,12514,Petrol,Third Owner,Manual,472600
Ford,EcoSport,2014,161542,Petrol,First Owner,Automatic,190100
Ford,EcoSport,2013,181603,Diesel,First Owner,Manual,170300
Ford,EcoSport,2021,57441,CNG,Second Owner,Manual,365500
Ford,Figo,2015,134583,CNG,Third Owner,Manual,122400
Ford,Figo,2016,130605,Petrol,First Owner,Manual,209400
Ford,Figo,2008,247899,Petrol,First Owner,Manual,51800
Ford,Figo,2019,86951,CNG,Second Owner,Manual,275700
Ford,Figo,2012,184874,Diesel,First Owner,Manual,127200
Ford,Figo,2012,192731,CNG,First Owner,Manual,112700
Ford,Figo,2023,18436,CNG,First Owner,Manual,563500
Ford,Figo,2021,51124,Petrol,Third Owner,Manual,332900
Ford,Figo,2015,140638,Petrol,First Owner,Automatic,221700
Ford,Figo,2019,77417,Diesel,First Owner,Manual,372800
Ford,Figo,2010,213962,Petrol,Third Owner,Manual,66800
Ford,Figo,2009,233106,CNG,Second Owner,Automatic,54000
Ford,Figo,2010,209940,CNG,First Owner,Manual,78800
Ford,Figo,2017,117473,Diesel,Second Owner,Automatic,250400
Ford,Figo,2009,222205,Diesel,Second Owner,Automatic,72400
Ford,Figo,2018,112018,CNG,First Owner,Manual,262200
Ford,Figo,2023,36420,Petrol,Second Owner,Manual,478600
Ford,Figo,2005,292801,CNG,Second Owner,Manual,41900
Ford,Figo,2012,188338,Petrol,First Owner,Manual,124800
Ford,Figo,2010,218937,Diesel,First Owner,Manual,95500
Ford,Figo,2020,84701,Diesel,First Owner,Manual,412200
Ford,Figo,2008,249381,Diesel,Second Owner,Manual,54700
Ford,Figo,2017,110414,Diesel,First Owner,Manual,293900
Ford,Figo,2005,288815,Diesel,Second Owner,Manual,52100
Ford,Figo,2006,272978,CNG,First Owner,Automatic,61600
Ford,Figo,2021,55849,Diesel,Second Owner,Manual,458100
Ford,Figo,2016,128835,Diesel,First Owner,Manual,241200
Ford,Figo,2009,233241,Petrol,First Owner,Automatic,74400
Ford,Figo,2011,189002,Diesel,First Owner,Manual,106600
Ford,Figo,2020,63967,Diesel,First Owner,Automatic,519800
Ford,Figo,2013,159289,Petrol,First Owner,Manual,144300
Ford,Figo,2005,295398,Diesel,First Owner,Manual,61500
Ford,Figo,2016,123882,Diesel,First Owner,Manual,225800
Ford,Figo,2009,220215,CNG,First Owner,Automatic,65800
Ford,Figo,2019,77761,CNG,Second Owner,Manual,270800
Ford,Figo,2015,134449,Diesel,First Owner,Manual,212000
Ford,Figo,2008,228476,Petrol,First Owner,Manual,54300
Ford,Figo,2017,125146,Petrol,First Owner,Manual,252400
Ford,Figo,2007,264426,Petrol,Second Owner,Manual,52700
Ford,Figo,2021,42710,CNG,Third Owner,Manual,352100
Ford,Figo,2016,120011,Diesel,First Owner,Manual,234300
Ford,Figo,2021,47523,CNG,First Owner,Manual,417200
Ford,Figo,2014,153838,Petrol,Second Owner,Manual,141100
Ford,Figo,2019,88097,CNG,Second Owner,Manual,260800
Ford,Figo,2012,192042,Petrol,Second Owner,Manual,112600
Ford,Figo,2019,80803,CNG,First Owner,Manual,333600
Ford,Figo,2020,66150,Diesel,First Owner,Automatic,472200
Ford,Figo,2020,64457,Petrol,First Owner,Manual,409100
Ford,Figo,2017,125325,Petrol,Second Owner,Manual,206600
Ford,Figo,2011,203150,CNG,Third Owner,Manual,71100
Ford,Figo,2015,131434,Petrol,Second Owner,Manual,163900
Ford,Figo,2018,97694,Diesel,Third Owner,Manual,267700
Ford,Figo,2022,34095,Diesel,Third Owner,Manual,441900
Ford,Figo,2008,220821,Petrol,First Owner,Manual,52600
Ford,Figo,2014,157042,CNG,Third Owner,Manual,113400
Ford,Figo,2011,204244,Diesel,Third Owner,Manual,90100
Ford,Figo,2008,238744,CNG,Second Owner,Manual,45200
Ford,Figo,2017,99536,Petrol,Third Owner,Manual,208400
Ford,Figo,2019,88974,Diesel,First Owner,Manual,364600
Ford,Figo,2019,93562,CNG,First Owner,Automatic,343000
Ford,Endeavour,2018,103114,CNG,First Owner,Manual,279900
Ford,Endeavour,2021,48675,Petrol,Second Owner,Manual,443300
Ford,Endeavour,2015,136276,CNG,First Owner,Manual,170200
Ford,Endeavour,2017,106927,CNG,First Owner,Manual,264000
Ford,Endeavour,2019,68909,Petrol,First Owner,Manual,361500
Ford,Endeavour,2009,241950,Diesel,First Owner,Manual,71600
Ford,Endeavour,2019,80338,Petrol,Second Owner,Automatic,351700
Ford,Endeavour,2008,255872,CNG,Second Owner,Automatic,53600
Ford,Endeavour,2012,165076,Petrol,Second Owner,Manual,109000
Ford,Endeavour,2021,54821,Diesel,Third Owner,Manual,370900
Ford,Endeavour,2013,177382,CNG,Second Owner,Manual,118900
Ford,Endeavour,2005,283354,Diesel,First Owner,Manual,58600
Ford,Endeavour,2017,116074,Petrol,First Owner,Manual,256900
Ford,Endeavour,2019,68667,Diesel,Second Owner,Manual,377000
Ford,Endeavour,2023,20087,Petrol,First Owner,Manual,565200
Ford,Endeavour,2012,181105,Diesel,First Owner,Manual,140500
Ford,Endeavour,2007,247858,Petrol,Second Owner,Manual,50300
Ford,Endeavour,2015,143260,Diesel,Second Owner,Manual,180100
Ford,Endeavour,2009,233945,Petrol,Third Owner,Manual,50800
Ford,Endeavour,2014,160290,CNG,First Owner,Manual,154200
Ford,Endeavour,2019,77851,CNG,First Owner,Manual,355200
Ford,Endeavour,2013,165894,CNG,First Owner,Automatic,154200
Ford,Endeavour,2009,224648,CNG,First Owner,Automatic,67600
Ford,Endeavour,2020,61869,CNG,Third Owner,Automatic,332800
Ford,Endeavour,2023,24176,Diesel,First Owner,Automatic,731600
Ford,Endeavour,2021,44445,Diesel,First Owner,Automatic,539600
Ford,Endeavour,2007,256226,Petrol,First Owner,Manual,58200
Ford,Endeavour,2008,250755,CNG,First Owner,Manual,52200
Ford,Endeavour,2005,298286,CNG,Third Owner,Manual,37900
Ford,Endeavour,2006,261938,Diesel,Second Owner,Automatic,59100
Ford,Endeavour,2013,160652,CNG,First Owner,Manual,142400
Ford,Endeavour,2019,76748,CNG,First Owner,Manual,353600
Ford,Endeavour,2010,210707,Petrol,First Owner,Manual,81600
Ford,Endeavour,2013,159218,CNG,First Owner,Manual,141000
Ford,Endeavour,2007,263545,Diesel,First Owner,Manual,61400
Ford,Endeavour,2023,17627,Diesel,First Owner,Manual,682600
Ford,Endeavour,2015,140775,Diesel,First Owner,Manual,194100
Ford,Endeavour,2022,31981,CNG,First Owner,Manual,502900
Ford,Endeavour,2023,4305,CNG,Third Owner,Automatic,465600
Ford,Endeavour,2019,87414,Petrol,First Owner,Manual,336500
Ford,Endeavour,2010,210640,Diesel,Third Owner,Manual,73800
Ford,Endeavour,2012,193093,Diesel,First Owner,Manual,133100
Ford,Endeavour,2019,90283,Petrol,First Owner,Manual,370800
Ford,Endeavour,2020,73668,Diesel,First Owner,Manual,427500
Ford,Endeavour,2014,168193,Diesel,Second Owner,Manual,150100
Ford,Endeavour,2008,253914,Petrol,First Owner,Manual,54500
Ford,Endeavour,2021,38033,CNG,First Owner,Manual,443300
Ford,Endeavour,2011,202136,Diesel,Second Owner,Automatic,114100
Ford,Endeavour,2010,210584,Diesel,Second Owner,Automatic,94600
Ford,Endeavour,2013,178574,Petrol,Third Owner,Manual,117100
Ford,Endeavour,2014,150292,CNG,First Owner,Manual,153600
Ford,Endeavour,2018,99963,CNG,First Owner,Manual,291200
Ford,Endeavour,2017,117711,CNG,Second Owner,Automatic,237500
Ford,Endeavour,2005,292793,CNG,First Owner,Manual,49600
Ford,Endeavour,2016,133355,Diesel,First Owner,Manual,217500
Ford,Endeavour,2011,201252,CNG,First Owner,Automatic,102900
Ford,Endeavour,2012,191838,CNG,Second Owner,Automatic,122100
Ford,Endeavour,2017,120838,CNG,Third Owner,Manual,165400
Ford,Endeavour,2023,17383,CNG,First Owner,Manual,551400
Ford,Endeavour,2014,157616,Petrol,First Owner,Automatic,175600
Ford,Aspire,2018,102328,CNG,First Owner,Manual,258000
Ford,Aspire,2012,170460,Diesel,Second Owner,Automatic,128700
Ford,Aspire,2021,55022,Petrol,Second Owner,Manual,421800
Ford,Aspire,2015,128841,Diesel,Third Owner,Manual,168500
Ford,Aspire,2010,212510,Diesel,First Owner,Manual,95900
Ford,Aspire,2013,175183,CNG,Second Owner,Manual,111000
Ford,Aspire,2018,81994,Petrol,Second Owner,Manual,310600
Ford,Aspire,2016,131388,Petrol,Second Owner,Automatic,223900
Ford,Aspire,2015,142323,CNG,First Owner,Manual,162000
Ford,Aspire,2007,250983,CNG,Second Owner,Manual,47000
Ford,Aspire,2007,251959,CNG,Third Owner,Automatic,45200
Ford,Aspire,2018,90971,Diesel,First Owner,Automatic,414400
Ford,Aspire,2009,228175,CNG,Second Owner,Manual,54700
Ford,Aspire,2018,92474,Petrol,First Owner,Manual,321400
Ford,Aspire,2017,115675,Diesel,First Owner,Automatic,315000
Ford,Aspire,2015,140676,CNG,First Owner,Manual,181300
Ford,Aspire,2023,35095,CNG,Third Owner,Manual,408600
Ford,Aspire,2011,192351,Diesel,First Owner,Manual,117000
Ford,Aspire,2006,276835,Petrol,First Owner,Manual,53700
Ford,Aspire,2011,190199,Petrol,First Owner,Manual,102700
Ford,Aspire,2011,200263,Diesel,First Owner,Automatic,119100
Ford,Aspire,2011,198136,Diesel,First Owner,Manual,109600
Ford,Aspire,2017,106517,Petrol,First Owner,Manual,270400
Ford,Aspire,2010,212783,Petrol,First Owner,Manual,87500
Ford,Aspire,2015,135265,Petrol,Second Owner,Manual,157900
Ford,Aspire,2008,247794,Diesel,First Owner,Manual,59800
Ford,Aspire,2008,233193,Petrol,First Owner,Automatic,60800
Ford,Aspire,2007,275283,CNG,Second Owner,Manual,44700
Ford,Aspire,2013,167821,Petrol,First Owner,Manual,149300
Ford,Aspire,2009,213070,CNG,First Owner,Manual,62700
Ford,Aspire,2006,270482,CNG,Second Owner,Manual,44300
Ford,Aspire,2010,211879,Diesel,First Owner,Automatic,111800
Ford,Aspire,2010,202953,Petrol,First Owner,Manual,84700
Ford,Aspire,2016,138651,Diesel,Second Owner,Manual,181900
Ford,Aspire,2005,291616,Petrol,Third Owner,Manual,41200
Ford,Aspire,2021,48642,Petrol,First Owner,Manual,506000
Ford,Aspire,2007,257403,Diesel,First Owner,Manual,64400
Ford,Aspire,2019,81429,Petrol,Third Owner,Automatic,277600
Ford,Aspire,2020,48040,Petrol,First Owner,Manual,478000
Ford,Aspire,2008,248291,Diesel,First Owner,Automatic,68600
Ford,Aspire,2009,230808,Petrol,First Owner,Manual,61200
Ford,Aspire,2017,114140,Diesel,Third Owner,Manual,200700
Ford,Aspire,2010,214152,CNG,Third Owner,Manual,59500
Ford,Aspire,2023,13281,Diesel,Second Owner,Manual,569900
Ford,Aspire,2009,213590,Petrol,Second Owner,Automatic,65100
Ford,Aspire,2011,191063,Petrol,First Owner,Manual,112300
Ford,Aspire,2012,188712,CNG,First Owner,Automatic,124500
Ford,Aspire,2023,26005,Diesel,First Owner,Manual,646200
Ford,Aspire,2022,22708,CNG,Second Owner,Automatic,488400
Ford,Aspire,2010,219878,Diesel,First Owner,Automatic,108600
Ford,Aspire,2019,73840,Diesel,Second Owner,Manual,365000
Ford,Aspire,2018,84841,CNG,First Owner,Manual,281100
Ford,Aspire,2019,81952,CNG,First Owner,Automatic,357800
Ford,Aspire,2018,91451,CNG,Third Owner,Manual,231400
Ford,Aspire,2021,56087,CNG,First Owner,Automatic,454500
Ford,Aspire,2005,303507,Petrol,Second Owner,Manual,49600
Ford,Aspire,2009,220919,Petrol,Second Owner,Manual,54500
Ford,Aspire,2021,46213,Petrol,First Owner,Manual,454600
Ford,Aspire,2012,192376,Petrol,First Owner,Automatic,140700
Ford,Aspire,2011,188882,Diesel,First Owner,Automatic,126900
Volkswagen,Polo,2017,127383,Diesel,First Owner,Manual,294500
Volkswagen,Polo,2005,277529,Petrol,First Owner,Manual,57600
Volkswagen,Polo,2007,267660,Petrol,First Owner,Manual,63900
Volkswagen,Polo,2012,187989,Diesel,Second Owner,Manual,124300
Volkswagen,Polo,2011,200066,Petrol,Third Owner,Manual,90000
Volkswagen,Polo,2008,252430,CNG,Second Owner,Automatic,50300
Volkswagen,Polo,2019,84018,Diesel,First Owner,Manual,393600
Volkswagen,Polo,2008,250009,CNG,Second Owner,Manual,47100
Volkswagen,Polo,2008,234387,Petrol,First Owner,Automatic,70900
Volkswagen,Polo,2015,137185,Diesel,Third Owner,Manual,170700
Volkswagen,Polo,2013,176807,CNG,First Owner,Manual,152300
Volkswagen,Polo,2020,70838,Diesel,First Owner,Manual,500200
Volkswagen,Polo,2016,125852,Diesel,Second Owner,Automatic,243200
Volkswagen,Polo,2008,260558,Diesel,Second Owner,Manual,59400
Volkswagen,Polo,2021,44361,Diesel,Third Owner,Manual,388500
Volkswagen,Polo,2020,75437,Petrol,Second Owner,Manual,361900
Volkswagen,Polo,2013,181070,CNG,First Owner,Manual,145400
Volkswagen,Polo,2021,58472,CNG,First Owner,Manual,451700
Volkswagen,Polo,2008,241443,Petrol,First Owner,Manual,63200
Volkswagen,Polo,2018,93170,Diesel,Second Owner,Manual,319800
Volkswagen,Polo,2019,86255,CNG,First Owner,Manual,358900
Volkswagen,Polo,2018,86639,CNG,Third Owner,Manual,224600
Volkswagen,Polo,2015,154649,Petrol,Second Owner,Automatic,187200
Volkswagen,Polo,2016,135476,Diesel,Third Owner,Manual,178100
Volkswagen,Polo,2006,269404,CNG,First Owner,Automatic,58400
Volkswagen,Polo,2022,46064,CNG,First Owner,Manual,486900
Volkswagen,Polo,2010,223840,Diesel,First Owner,Manual,103200
Volkswagen,Polo,2012,171942,Diesel,Second Owner,Manual,131000
Volkswagen,Polo,2017,106386,Petrol,Second Owner,Manual,262800
Volkswagen,Polo,2020,73657,Diesel,First Owner,Manual,447500
Volkswagen,Polo,2010,221833,Petrol,First Owner,Manual,91200
Volkswagen,Polo,2022,33213,Diesel,Second Owner,Manual,526700
Volkswagen,Polo,2007,261105,CNG,Third Owner,Manual,43300
Volkswagen,Polo,2009,233305,CNG,First Owner,Manual,60000
Volkswagen,Polo,2017,125909,Diesel,Second Owner,Automatic,262800
Volkswagen,Polo,2012,197121,Diesel,Second Owner,Manual,119500
Volkswagen,Polo,2013,175626,CNG,Third Owner,Manual,103200
Volkswagen,Polo,2011,200940,Petrol,First Owner,Manual,104200
Volkswagen,Polo,2020,69344,CNG,Third Owner,Manual,283000
Volkswagen,Polo,2021,42953,CNG,First Owner,Manual,504400
Volkswagen,Polo,2017,109747,Diesel,Second Owner,Manual,258400
Volkswagen,Polo,2012,172471,Diesel,First Owner,Manual,149900
Volkswagen,Polo,2015,154925,Petrol,Second Owner,Manual,162800
Volkswagen,Polo,2021,31945,CNG,First Owner,Manual,518500
Volkswagen,Polo,2012,182624,CNG,Third Owner,Automatic,99500
Volkswagen,Polo,2013,157502,CNG,Second Owner,Manual,124000
Volkswagen,Polo,2023,1775,Petrol,First Owner,Manual,692600
Volkswagen,Polo,2016,132725,Diesel,Third Owner,Manual,187400
Volkswagen,Polo,2007,266172,Diesel,Third Owner,Manual,49800
Volkswagen,Polo,2020,63195,Diesel,Second Owner,Automatic,502800
Volkswagen,Polo,2011,196374,CNG,Second Owner,Manual,91300
Volkswagen,Polo,2021,44141,Diesel,First Owner,Manual,569800
Volkswagen,Polo,2015,153841,Petrol,Second Owner,Manual,163400
Volkswagen,Polo,2007,243841,CNG,First Owner,Manual,51700
Volkswagen,Polo,2011,200081,Petrol,Second Owner,Manual,104900
Volkswagen,Polo,2008,255852,Diesel,First Owner,Automatic,72700
Volkswagen,Polo,2017,112651,Diesel,First Owner,Manual,279300
Volkswagen,Polo,2016,117622,Petrol,Second Owner,Automatic,238800
Volkswagen,Polo,2010,214646,Diesel,Third Owner,Manual,71900
Volkswagen,Polo,2008,250341,CNG,First Owner,Automatic,56900
Volkswagen,Vento,2022,42204,Petrol,First Owner,Automatic,568600
Volkswagen,Vento,2015,142807,Diesel,First Owner,Automatic,244500
Volkswagen,Vento,2016,137670,Petrol,Second Owner,Manual,194000
Volkswagen,Vento,2016,109558,Petrol,Third Owner,Automatic,218400
Volkswagen,Vento,2023,23821,Petrol,First Owner,Automatic,695400
Volkswagen,Vento,2006,282731,CNG,Third Owner,Automatic,43100
Volkswagen,Vento,2014,158506,CNG,First Owner,Manual,174400
Volkswagen,Vento,2020,63483,Petrol,Second Owner,Automatic,460400
Volkswagen,Vento,2019,89084,Diesel,Second Owner,Automatic,396600
Volkswagen,Vento,2007,255627,Diesel,First Owner,Manual,68900
Volkswagen,Vento,2020,68076,Diesel,First Owner,Automatic,523500
Volkswagen,Vento,2023,27539,Petrol,Second Owner,Manual,550900
Volkswagen,Vento,2021,38510,CNG,First Owner,Manual,459000
Volkswagen,Vento,2015,135198,Petrol,First Owner,Manual,214200
Volkswagen,Vento,2018,88583,Diesel,First Owner,Manual,370800
Volkswagen,Vento,2017,114405,Diesel,First Owner,Automatic,320100
Volkswagen,Vento,2006,272701,Petrol,First Owner,Manual,63200
Volkswagen,Vento,2022,34598,Petrol,Second Owner,Manual,495900
Volkswagen,Vento,2006,282715,Diesel,Third Owner,Manual,50600
Volkswagen,Vento,2018,93365,CNG,First Owner,Automatic,342800
Volkswagen,Vento,2006,278086,Petrol,Third Owner,Manual,41500
Volkswagen,Vento,2011,198059,Diesel,First Owner,Manual,112400
Volkswagen,Vento,2017,113336,Diesel,First Owner,Manual,312500
Volkswagen,Vento,2015,151769,Petrol,Third Owner,Automatic,164500
Volkswagen,Vento,2017,114248,Petrol,Second Owner,Manual,254600
Volkswagen,Vento,2023,21227,CNG,Third Owner,Manual,415700
Volkswagen,Vento,2013,169034,Diesel,First Owner,Automatic,179800
Volkswagen,Vento,2020,65619,Diesel,Second Owner,Manual,405400
Volkswagen,Vento,2019,88437,Petrol,Second Owner,Manual,340900
Volkswagen,Vento,2020,73860,Petrol,First Owner,Manual,453400
Volkswagen,Vento,2013,182179,CNG,First Owner,Manual,138900
Volkswagen,Vento,2023,16487,Diesel,First Owner,Manual,730300
Volkswagen,Vento,2011,209682,Diesel,First Owner,Manual,112800
Volkswagen,Vento,2020,61867,Petrol,First Owner,Manual,437800
Volkswagen,Vento,2007,261141,Petrol,First Owner,Manual,61700
Volkswagen,Vento,2019,65547,CNG,Second Owner,Manual,326700
Volkswagen,Vento,2011,201494,Petrol,Second Owner,Automatic,107200
Volkswagen,Vento,2013,157234,Petrol,First Owner,Manual,160000
Volkswagen,Vento,2017,95870,CNG,First Owner,Manual,263600
Volkswagen,Vento,2019,93263,Petrol,Third Owner,Manual,258800
Volkswagen,Vento,2021,48884,CNG,Third Owner,Manual,357500
Volkswagen,Vento,2018,99608,CNG,First Owner,Manual,280800
Volkswagen,Vento,2015,136944,Petrol,Second Owner,Manual,160200
Volkswagen,Vento,2006,278238,Diesel,Second Owner,Manual,53400
Volkswagen,Vento,2006,272111,CNG,Second Owner,Manual,48100
Volkswagen,Vento,2017,108779,Diesel,Second Owner,Manual,282600
Volkswagen,Vento,2012,180490,Diesel,Third Owner,Manual,108700
Volkswagen,Vento,2009,219947,Diesel,First Owner,Manual,70600
Volkswagen,Vento,2010,222720,Diesel,Third Owner,Manual,68100
Volkswagen,Vento,2014,153174,Petrol,First Owner,Manual,189000
Volkswagen,Vento,2012,189121,CNG,First Owner,Automatic,137000
Volkswagen,Vento,2018,94675,Diesel,Second Owner,Manual,304700
Volkswagen,Vento,2016,118795,Petrol,Second Owner,Manual,202300
Volkswagen,Vento,2011,210081,CNG,First Owner,Automatic,119300
Volkswagen,Vento,2016,133171,Diesel,First Owner,Manual,238000
Volkswagen,Vento,2020,59090,Petrol,First Owner,Manual,480200
Volkswagen,Vento,2018,100314,CNG,Third Owner,Manual,237100
Volkswagen,Vento,2018,96759,Petrol,Third Owner,Manual,233600
Volkswagen,Vento,2023,16815,CNG,Second Owner,Automatic,588800
Volkswagen,Vento,2023,14457,Petrol,First Owner,Manual,621300
Volkswagen,Ameo,2009,230731,CNG,Third Owner,Manual,49600
Volkswagen,Ameo,2006,265790,CNG,First Owner,Manual,50500
Volkswagen,Ameo,2006,273297,Diesel,First Owner,Manual,61200
Volkswagen,Ameo,2007,263027,Diesel,Second Owner,Manual,59400
Volkswagen,Ameo,2019,67676,Diesel,First Owner,Automatic,462400
Volkswagen,Ameo,2009,231944,Petrol,First Owner,Manual,70600
Volkswagen,Ameo,2010,204573,CNG,Third Owner,Manual,66900
Volkswagen,Ameo,2008,240745,CNG,Third Owner,Automatic,42900
Volkswagen,Ameo,2006,280159,Diesel,First Owner,Automatic,72800
Volkswagen,Ameo,2016,130896,Diesel,Second Owner,Manual,227000
Volkswagen,Ameo,2020,74770,Diesel,Third Owner,Automatic,356100
Volkswagen,Ameo,2009,226593,CNG,First Owner,Manual,60200
Volkswagen,Ameo,2011,206831,CNG,Second Owner,Automatic,98800
Volkswagen,Ameo,2020,63317,Petrol,Second Owner,Manual,415800
Volkswagen,Ameo,2016,128103,Diesel,Third Owner,Automatic,193600
Volkswagen,Ameo,2015,135797,Petrol,First Owner,Manual,193800
Volkswagen,Ameo,2019,87257,Diesel,Second Owner,Automatic,386900
Volkswagen,Ameo,2007,259824,Diesel,Second Owner,Manual,60100
Volkswagen,Ameo,2005,289848,Diesel,First Owner,Manual,63000
Volkswagen,Ameo,2013,168431,CNG,First Owner,Manual,144200
Volkswagen,Ameo,2018,88888,Diesel,Second Owner,Manual,318400
Volkswagen,Ameo,2013,174031,Petrol,Third Owner,Automatic,122700
Volkswagen,Ameo,2015,150966,Petrol,Second Owner,Automatic,182600
Volkswagen,Ameo,2007,246991,Petrol,First Owner,Manual,62300
Volkswagen,Ameo,2007,260729,Petrol,Second Owner,Manual,55100
Volkswagen,Ameo,2007,259158,Petrol,Second Owner,Automatic,62200
Volkswagen,Ameo,2015,140851,Petrol,First Owner,Manual,213400
Volkswagen,Ameo,2007,256313,Petrol,First Owner,Automatic,61200
Volkswagen,Ameo,2012,188144,Diesel,First Owner,Manual,144900
Volkswagen,Ameo,2011,212315,CNG,Third Owner,Manual,74000
Volkswagen,Ameo,2014,153762,Petrol,First Owner,Manual,166200
Volkswagen,Ameo,2011,189362,Diesel,First Owner,Manual,131100
Volkswagen,Ameo,2008,244073,Petrol,Second Owner,Automatic,55400
Volkswagen,Ameo,2017,106962,CNG,Second Owner,Manual,224900
Volkswagen,Ameo,2014,156204,Diesel,Second Owner,Manual,171600
Volkswagen,Ameo,2013,175961,Diesel,Second Owner,Manual,136700
Volkswagen,Ameo,2016,127312,Diesel,First Owner,Automatic,290400
Volkswagen,Ameo,2005,288378,CNG,Second Owner,Manual,49600
Volkswagen,Ameo,2016,121502,Petrol,Second Owner,Manual,202700
Volkswagen,Ameo,2016,114664,CNG,Second Owner,Manual,193000
Volkswagen,Ameo,2020,53367,Petrol,First Owner,Manual,475800
Volkswagen,Ameo,2018,122604,Diesel,Third Owner,Manual,242000
Volkswagen,Ameo,2017,93311,Diesel,First Owner,Manual,323400
Volkswagen,Ameo,2005,293882,Petrol,Second Owner,Manual,54700
Volkswagen,Ameo,2009,228918,CNG,Third Owner,Manual,51200
Volkswagen,Ameo,2011,200792,Petrol,First Owner,Manual,108700
Volkswagen,Ameo,2011,207909,Diesel,Second Owner,Automatic,114500
Volkswagen,Ameo,2011,201084,Diesel,Second Owner,Manual,104900
Volkswagen,Ameo,2010,203193,Diesel,Third Owner,Manual,71700
Volkswagen,Ameo,2020,65940,CNG,First Owner,Manual,431700
Volkswagen,Ameo,2011,198881,Diesel,Second Owner,Manual,102800
Volkswagen,Ameo,2018,95648,CNG,First Owner,Manual,291800
Volkswagen,Ameo,2016,130614,Diesel,Second Owner,Manual,197400
Volkswagen,Ameo,2016,110035,Diesel,First Owner,Automatic,318100
Volkswagen,Ameo,2015,128509,Diesel,Second Owner,Manual,197700
Volkswagen,Ameo,2015,127151,CNG,First Owner,Manual,187200
Volkswagen,Ameo,2023,25673,CNG,Second Owner,Automatic,535400
Volkswagen,Ameo,2023,18959,Diesel,Third Owner,Manual,547700
Volkswagen,Ameo,2017,110013,Petrol,First Owner,Manual,298400
Volkswagen,Ameo,2013,158816,Petrol,First Owner,Automatic,183400
Volkswagen,Taigun,2013,168196,Petrol,First Owner,Manual,144000
Volkswagen,Taigun,2016,117608,CNG,First Owner,Manual,217300
Volkswagen,Taigun,2015,133084,CNG,First Owner,Automatic,198100
Volkswagen,Taigun,2008,245666,Diesel,Second Owner,Manual,53100
Volkswagen,Taigun,2021,47134,Diesel,Second Owner,Automatic,516100
Volkswagen,Taigun,2011,213855,Petrol,First Owner,Manual,115500
Volkswagen,Taigun,2018,102874,Petrol,First Owner,Manual,299600
Volkswagen,Taigun,2019,84246,Diesel,First Owner,Manual,390900
Volkswagen,Taigun,2019,77696,Diesel,Third Owner,Manual,331800
Volkswagen,Taigun,2022,45378,Diesel,First Owner,Manual,608100
Volkswagen,Taigun,2022,43429,Diesel,First Owner,Manual,623700
Volkswagen,Taigun,2006,276360,CNG,First Owner,Manual,55200
Volkswagen,Taigun,2021,61940,Petrol,First Owner,Automatic,503500
Volkswagen,Taigun,2008,249371,CNG,First Owner,Manual,51100
Volkswagen,Taigun,2016,132158,Diesel,First Owner,Manual,239700
Volkswagen,Taigun,2006,273742,CNG,First Owner,Automatic,63100
Volkswagen,Taigun,2022,41487,Diesel,First Owner,Automatic,707300
Volkswagen,Taigun,2012,171829,Petrol,First Owner,Manual,124400
Volkswagen,Taigun,2012,182672,Petrol,Third Owner,Automatic,106500
Volkswagen,Taigun,2015,140313,Diesel,First Owner,Manual,212400
Volkswagen,Taigun,2021,50907,CNG,Second Owner,Manual,371900
Volkswagen,Taigun,2011,190730,CNG,First Owner,Manual,103700
Volkswagen,Taigun,2016,121851,Diesel,First Owner,Automatic,284900
Volkswagen,Taigun,2009,219919,CNG,First Owner,Manual,65000
Volkswagen,Taigun,2013,161024,Petrol,Second Owner,Automatic,146500
Volkswagen,Taigun,2011,196687,Diesel,Third Owner,Manual,93600
Volkswagen,Taigun,2019,90701,CNG,Second Owner,Automatic,311000
Volkswagen,Taigun,2008,246959,Petrol,First Owner,Manual,63500
Volkswagen,Taigun,2011,203203,CNG,First Owner,Manual,99100
Volkswagen,Taigun,2023,29890,Diesel,First Owner,Manual,675000
Volkswagen,Taigun,2023,31885,Petrol,First Owner,Manual,580500
Volkswagen,Taigun,2010,205193,Diesel,First Owner,Automatic,108200
Volkswagen,Taigun,2015,132313,Petrol,Third Owner,Manual,154800
Volkswagen,Taigun,2012,187082,Petrol,Second Owner,Automatic,138600
Volkswagen,Taigun,2006,287083,Petrol,First Owner,Manual,60000
Volkswagen,Taigun,2010,199851,Petrol,First Owner,Manual,86600
Volkswagen,Taigun,2018,94604,Diesel,First Owner,Manual,372100
Volkswagen,Taigun,2008,237282,Diesel,First Owner,Manual,68600
Volkswagen,Taigun,2011,208283,CNG,Second Owner,Automatic,108200
Volkswagen,Taigun,2010,222810,Petrol,First Owner,Manual,90400
Volkswagen,Taigun,2023,17832,Petrol,Second Owner,Manual,577400
Volkswagen,Taigun,2009,223988,Petrol,First Owner,Manual,64100
Volkswagen,Taigun,2020,56836,Petrol,Third Owner,Manual,316500
Volkswagen,Taigun,2007,263686,Diesel,Second Owner,Manual,53200
Volkswagen,Taigun,2013,176299,Petrol,First Owner,Manual,144000
Volkswagen,Taigun,2006,275973,CNG,Second Owner,Manual,51000
Volkswagen,Taigun,2020,68306,CNG,First Owner,Manual,405300
Volkswagen,Taigun,2019,67752,Diesel,First Owner,Manual,464500
Volkswagen,Taigun,2022,28194,CNG,First Owner,Manual,525700
Volkswagen,Taigun,2019,78217,Diesel,Second Owner,Manual,372600
Volkswagen,Taigun,2020,61314,Diesel,First Owner,Manual,454600
Volkswagen,Taigun,2016,117686,CNG,First Owner,Automatic,267100
Volkswagen,Taigun,2010,220646,CNG,First Owner,Manual,85600
Volkswagen,Taigun,2010,210312,CNG,First Owner,Automatic,89400
Volkswagen,Taigun,2017,117261,Petrol,Third Owner,Manual,202900
Volkswagen,Taigun,2023,24095,Petrol,First Owner,Manual,670000
Volkswagen,Taigun,2012,179325,Diesel,First Owner,Manual,152300
Volkswagen,Taigun,2022,22108,Diesel,First Owner,Automatic,685700
Volkswagen,Taigun,2016,124986,Petrol,First Owner,Manual,222300
Volkswagen,Taigun,2011,187793,CNG,First Owner,Automatic,116400
Skoda,Rapid,2008,227208,CNG,Third Owner,Manual,47700
Skoda,Rapid,2011,200536,CNG,Second Owner,Automatic,113500
Skoda,Rapid,2005,293987,Petrol,Second Owner,Manual,56800
Skoda,Rapid,2019,80789,Petrol,First Owner,Manual,443300
Skoda,Rapid,2014,150714,Diesel,First Owner,Manual,226400
Skoda,Rapid,2023,26463,Petrol,Second Owner,Automatic,713600
Skoda,Rapid,2016,137189,Diesel,Second Owner,Automatic,272100
Skoda,Rapid,2023,22407,CNG,Third Owner,Automatic,591400
Skoda,Rapid,2005,275042,Petrol,First Owner,Manual,65400
Skoda,Rapid,2008,259052,Diesel,First Owner,Manual,77000
Skoda,Rapid,2020,71729,CNG,Third Owner,Manual,343100
Skoda,Rapid,2005,291475,CNG,First Owner,Automatic,75500
Skoda,Rapid,2021,41122,Diesel,First Owner,Manual,693300
Skoda,Rapid,2022,38232,CNG,Second Owner,Manual,496000
Skoda,Rapid,2021,32774,Diesel,Third Owner,Manual,520400
Skoda,Rapid,2018,95964,Petrol,Second Owner,Automatic,351900
Skoda,Rapid,2020,64148,CNG,Second Owner,Automatic,487600
Skoda,Rapid,2006,275073,Diesel,First Owner,Manual,78000
Skoda,Rapid,2020,66156,CNG,Third Owner,Manual,337400
Skoda,Rapid,2009,238599,CNG,Third Owner,Manual,52100
Skoda,Rapid,2020,56705,Petrol,Second Owner,Automatic,512900
Skoda,Rapid,2022,44211,Petrol,First Owner,Manual,638400
Skoda,Rapid,2018,98120,CNG,First Owner,Manual,376200
Skoda,Rapid,2009,231395,Petrol,First Owner,Manual,77700
Skoda,Rapid,2011,174610,Diesel,Second Owner,Manual,134600
Skoda,Rapid,2010,223942,CNG,First Owner,Manual,94700
Skoda,Rapid,2009,225876,Diesel,First Owner,Manual,92400
Skoda,Rapid,2008,257598,CNG,Second Owner,Manual,51700
Skoda,Rapid,2009,227470,Diesel,Second Owner,Manual,76600
Skoda,Rapid,2020,70417,Petrol,First Owner,Manual,518200
Skoda,Rapid,2022,36936,CNG,First Owner,Manual,645600
Skoda,Rapid,2007,257619,Diesel,First Owner,Automatic,85700
Skoda,Rapid,2012,179227,CNG,First Owner,Manual,140700
Skoda,Rapid,2006,269085,Diesel,First Owner,Manual,74500
Skoda,Rapid,2011,191262,Diesel,First Owner,Automatic,154100
Skoda,Rapid,2009,213706,Diesel,Second Owner,Automatic,91500
Skoda,Rapid,2010,215528,Diesel,Second Owner,Manual,93400
Skoda,Rapid,2007,269695,CNG,First Owner,Automatic,68200
Skoda,Rapid,2006,269543,Diesel,Second Owner,Automatic,71900
Skoda,Rapid,2022,40846,CNG,First Owner,Manual,644400
Skoda,Rapid,2021,36574,CNG,Second Owner,Manual,513400
Skoda,Rapid,2023,21032,Petrol,First Owner,Manual,745700
Skoda,Rapid,2015,129159,Petrol,First Owner,Manual,235500
Skoda,Rapid,2014,152738,CNG,First Owner,Manual,206100
Skoda,Rapid,2012,178222,Diesel,First Owner,Manual,176500
Skoda,Rapid,2013,167015,Diesel,Second Owner,Manual,164900
Skoda,Rapid,2009,233938,Petrol,Second Owner,Manual,71700
Skoda,Rapid,2015,128436,Petrol,Second Owner,Manual,202400
Skoda,Rapid,2014,151502,CNG,Second Owner,Manual,172400
Skoda,Rapid,2020,60846,Diesel,First Owner,Manual,549900
Skoda,Rapid,2023,12928,Diesel,Second Owner,Manual,776100
Skoda,Rapid,2022,36859,Diesel,First Owner,Manual,766400
Skoda,Rapid,2020,41470,CNG,Second Owner,Manual,451500
Skoda,Rapid,2013,176874,Petrol,Third Owner,Manual,138300
Skoda,Rapid,2008,237173,Petrol,First Owner,Manual,73000
Skoda,Rapid,2006,276170,Petrol,Second Owner,Manual,61500
Skoda,Rapid,2013,172501,CNG,Second Owner,Manual,157100
Skoda,Rapid,2023,22578,Petrol,First Owner,Manual,757600
Skoda,Rapid,2013,168734,Petrol,Second Owner,Manual,154700
Skoda,Rapid,2022,40800,Diesel,Second Owner,Manual,619400
Skoda,Octavia,2015,140380,Diesel,First Owner,Manual,273500
Skoda,Octavia,2007,255102,CNG,Second Owner,Automatic,60500
Skoda,Octavia,2020,69264,Diesel,First Owner,Manual,521300
Skoda,Octavia,2010,219241,Petrol,First Owner,Manual,110500
Skoda,Octavia,2018,85501,Diesel,First Owner,Manual,464200
Skoda,Octavia,2018,89806,CNG,First Owner,Manual,389900
Skoda,Octavia,2017,123473,Petrol,Third Owner,Manual,241400
Skoda,Octavia,2021,51963,Diesel,First Owner,Manual,645500
Skoda,Octavia,2019,73939,CNG,First Owner,Automatic,492500
Skoda,Octavia,2010,210203,Diesel,First Owner,Manual,114400
Skoda,Octavia,2012,181260,Diesel,Second Owner,Manual,138000
Skoda,Octavia,2023,3303,Petrol,Second Owner,Manual,714700
Skoda,Octavia,2005,284361,Diesel,First Owner,Manual,75100
Skoda,Octavia,2018,99732,Petrol,First Owner,Manual,366100
Skoda,Octavia,2013,165183,CNG,Second Owner,Manual,155100
Skoda,Octavia,2006,275653,Diesel,First Owner,Automatic,79300
Skoda,Octavia,2010,225313,Petrol,First Owner,Manual,103300
Skoda,Octavia,2009,236763,Diesel,First Owner,Manual,93600
Skoda,Octavia,2010,215905,CNG,First Owner,Automatic,112900
Skoda,Octavia,2023,26853,CNG,Second Owner,Automatic,694100
Skoda,Octavia,2010,212853,Diesel,Third Owner,Manual,91400
Skoda,Octavia,2011,208758,CNG,Second Owner,Manual,99800
Skoda,Octavia,2010,201413,CNG,Second Owner,Manual,81300
Skoda,Octavia,2010,212056,Petrol,Second Owner,Manual,88600
Skoda,Octavia,2013,168368,CNG,Third Owner,Manual,120600
Skoda,Octavia,2020,64863,Petrol,Second Owner,Manual,460000
Skoda,Octavia,2016,119210,Petrol,First Owner,Manual,296600
Skoda,Octavia,2010,212101,CNG,Second Owner,Manual,92700
Skoda,Octavia,2009,238891,Diesel,Second Owner,Manual,77400
Skoda,Octavia,2017,110032,CNG,First Owner,Manual,305500
Skoda,Octavia,2023,17371,Diesel,First Owner,Manual,817700
Skoda,Octavia,2020,51953,Petrol,Second Owner,Manual,484500
Skoda,Octavia,2016,127164,Diesel,First Owner,Manual,273600
Skoda,Octavia,2020,61679,Petrol,Second Owner,Manual,478400
Skoda,Octavia,2009,219835,CNG,First Owner,Automatic,82900
Skoda,Octavia,2009,233306,Petrol,Third Owner,Automatic,66000
Skoda,Octavia,2017,101248,Petrol,First Owner,Manual,321500
Skoda,Octavia,2009,231878,CNG,Third Owner,Manual,52400
Skoda,Octavia,2019,94072,Diesel,First Owner,Manual,480300
Skoda,Octavia,2022,25993,Diesel,First Owner,Automatic,882200
Skoda,Octavia,2007,256850,CNG,First Owner,Automatic,68200
Skoda,Octavia,2022,39195,Diesel,First Owner,Manual,725100
Skoda,Octavia,2016,133037,CNG,First Owner,Manual,235300
Skoda,Octavia,2006,276228,CNG,Second Owner,Automatic,65500
Skoda,Octavia,2018,95185,CNG,Second Owner,Manual,289700
Skoda,Octavia,2009,227836,Diesel,First Owner,Manual,91600
Skoda,Octavia,2013,178379,Petrol,First Owner,Manual,181500
Skoda,Octavia,2006,285657,Petrol,First Owner,Automatic,74700
Skoda,Octavia,2023,24970,Petrol,First Owner,Manual,794200
Skoda,Octavia,2011,213452,Petrol,Third Owner,Manual,92500
Skoda,Octavia,2020,66296,Petrol,Third Owner,Manual,361300
Skoda,Octavia,2019,74525,Diesel,Second Owner,Automatic,514800
Skoda,Octavia,2013,161077,CNG,First Owner,Manual,170600
Skoda,Octavia,2023,15308,CNG,Second Owner,Automatic,713800
Skoda,Octavia,2012,185252,Diesel,First Owner,Automatic,186100
Skoda,Octavia,2017,111677,Petrol,Third Owner,Manual,260400
Skoda,Octavia,2008,249568,Petrol,Third Owner,Manual,56000
Skoda,Octavia,2008,235902,CNG,First Owner,Manual,67000
Skoda,Octavia,2018,88837,Petrol,First Owner,Manual,428300
Skoda,Octavia,2007,257260,Diesel,Third Owner,Manual,55900
Skoda,Superb,2018,100135,Petrol,First Owner,Manual,367800
Skoda,Superb,2020,72460,Diesel,Third Owner,Manual,388700
Skoda,Superb,2018,98845,CNG,Second Owner,Manual,310400
Skoda,Superb,2023,14669,Diesel,Third Owner,Manual,577500
Skoda,Superb,2005,294972,Petrol,Third Owner,Automatic,60800
Skoda,Superb,2009,236848,Petrol,First Owner,Manual,77000
Skoda,Superb,2016,117252,CNG,First Owner,Manual,247100
Skoda,Superb,2014,138868,Diesel,First Owner,Automatic,237500
Skoda,Superb,2006,263821,Petrol,Second Owner,Automatic,71900
Skoda,Superb,2020,55224,Petrol,First Owner,Manual,570100
Skoda,Superb,2007,263217,Petrol,First Owner,Automatic,74200
Skoda,Superb,2021,44300,Petrol,First Owner,Manual,584000
Skoda,Superb,2017,117083,CNG,First Owner,Manual,314400
Skoda,Superb,2014,145523,Diesel,Second Owner,Automatic,218500
Skoda,Superb,2012,189256,CNG,First Owner,Manual,138000
Skoda,Superb,2009,215090,Petrol,First Owner,Manual,76800
Skoda,Superb,2008,249153,CNG,First Owner,Automatic,74400
Skoda,Superb,2023,19953,Petrol,Second Owner,Manual,613000
Skoda,Superb,2022,34122,CNG,First Owner,Manual,570800
Skoda,Superb,2010,208265,Diesel,First Owner,Manual,107400
Skoda,Superb,2013,158746,Diesel,Second Owner,Manual,179300
Skoda,Superb,2015,149362,Diesel,First Owner,Manual,274000
Skoda,Superb,2018,84033,CNG,Third Owner,Manual,299600
Skoda,Superb,2010,198096,Diesel,First Owner,Manual,125200
Skoda,Superb,2009,234247,CNG,Second Owner,Automatic,78100
Skoda,Superb,2010,216148,Diesel,First Owner,Manual,113500
Skoda,Superb,2015,142398,Petrol,First Owner,Automatic,284300
Skoda,Superb,2011,192651,Petrol,First Owner,Manual,140900
Skoda,Superb,2021,48831,CNG,Third Owner,Manual,417400
Skoda,Superb,2018,102877,CNG,Second Owner,Manual,310000
Skoda,Superb,2022,28226,Diesel,First Owner,Manual,729200
Skoda,Superb,2007,286249,Diesel,Second Owner,Manual,65500
Skoda,Superb,2023,20831,CNG,First Owner,Manual,730800
Skoda,Superb,2006,281911,Petrol,Second Owner,Manual,60000
Skoda,Superb,2005,287741,Diesel,First Owner,Manual,70300
Skoda,Superb,2007,259558,Diesel,First Owner,Automatic,90800
Skoda,Superb,2005,270245,CNG,Second Owner,Automatic,64500
Skoda,Superb,2020,64782,CNG,First Owner,Manual,462000
Skoda,Superb,2008,256199,Diesel,Second Owner,Manual,66400
Skoda,Superb,2011,185605,Petrol,Second Owner,Manual,118600
Skoda,Superb,2020,69184,CNG,Second Owner,Manual,394700
Skoda,Superb,2013,170547,Diesel,First Owner,Manual,206700
Skoda,Superb,2016,140158,Diesel,Third Owner,Manual,216800
Skoda,Superb,2007,270668,Petrol,Third Owner,Automatic,54200
Skoda,Superb,2012,197560,Diesel,Third Owner,Manual,127700
Skoda,Superb,2008,250527,CNG,Second Owner,Automatic,62500
Skoda,Superb,2008,234032,Petrol,First Owner,Manual,66500
Skoda,Superb,2011,201298,CNG,Third Owner,Manual,98000
Skoda,Superb,2007,264755,Diesel,First Owner,Automatic,85300
Skoda,Superb,2020,64764,CNG,First Owner,Manual,469800
Skoda,Superb,2018,102629,Diesel,First Owner,Manual,413600
Skoda,Superb,2023,25808,CNG,Second Owner,Automatic,683900
Skoda,Superb,2020,56718,Diesel,Second Owner,Manual,468200
Skoda,Superb,2019,76873,Petrol,First Owner,Manual,494100
Skoda,Superb,2016,120072,Petrol,Third Owner,Automatic,223900
Skoda,Superb,2008,238331,CNG,First Owner,Automatic,73300
Skoda,Superb,2020,38349,CNG,Second Owner,Manual,485800
Skoda,Superb,2015,140947,Petrol,First Owner,Automatic,255700
Skoda,Superb,2008,251361,Petrol,Second Owner,Automatic,73800
Skoda,Superb,2013,172286,Diesel,Second Owner,Automatic,209100
Skoda,Kushaq,2016,131119,Diesel,First Owner,Manual,279400
Skoda,Kushaq,2010,218123,CNG,First Owner,Manual,99300
Skoda,Kushaq,2008,242675,Diesel,Second Owner,Manual,61900
Skoda,Kushaq,2023,22719,Petrol,Second Owner,Manual,599300
Skoda,Kushaq,2014,160497,CNG,Third Owner,Manual,150100
Skoda,Kushaq,2023,11511,CNG,First Owner,Automatic,816000
Skoda,Kushaq,2008,255577,Petrol,First Owner,Automatic,73400
Skoda,Kushaq,2015,131829,Diesel,Second Owner,Manual,211400
Skoda,Kushaq,2023,36852,Petrol,First Owner,Manual,709300
Skoda,Kushaq,2013,170424,Petrol,Second Owner,Manual,168200
Skoda,Kushaq,2007,257420,CNG,Second Owner,Manual,58900
Skoda,Kushaq,2020,69421,Petrol,Second Owner,Manual,460200
Skoda,Kushaq,2021,50586,CNG,First Owner,Manual,568500
Skoda,Kushaq,2011,208169,Diesel,First Owner,Manual,137200
Skoda,Kushaq,2017,113465,Diesel,First Owner,Automatic,387600
Skoda,Kushaq,2023,29166,Diesel,First Owner,Manual,832000
Skoda,Kushaq,2018,94657,Petrol,Third Owner,Manual,277900
Skoda,Kushaq,2013,180902,CNG,First Owner,Manual,173700
Skoda,Kushaq,2008,250922,CNG,First Owner,Automatic,75100
Skoda,Kushaq,2007,258760,CNG,First Owner,Automatic,69700
Skoda,Kushaq,2008,234631,CNG,First Owner,Manual,63600
Skoda,Kushaq,2015,134751,Petrol,First Owner,Manual,242000
Skoda,Kushaq,2008,249817,Diesel,First Owner,Manual,73000
Skoda,Kushaq,2011,194791,CNG,First Owner,Manual,116500
Skoda,Kushaq,2012,165512,Diesel,First Owner,Manual,170700
Skoda,Kushaq,2006,276236,Petrol,Second Owner,Manual,58100
Skoda,Kushaq,2008,248236,Diesel,First Owner,Automatic,84500
Skoda,Kushaq,2021,47010,Petrol,Second Owner,Manual,532700
Skoda,Kushaq,2019,84848,Diesel,Third Owner,Manual,356900
Skoda,Kushaq,2019,95222,Petrol,First Owner,Manual,419700
Skoda,Kushaq,2012,195097,CNG,Third Owner,Manual,113600
Skoda,Kushaq,2021,49140,Diesel,Second Owner,Manual,571800
Skoda,Kushaq,2014,154963,CNG,Third Owner,Manual,154400
Skoda,Kushaq,2013,168380,Petrol,Second Owner,Manual,162100
Skoda,Kushaq,2023,22978,Petrol,Second Owner,Automatic,665300
Skoda,Kushaq,2005,280632,Diesel,Second Owner,Automatic,72800
Skoda,Kushaq,2015,145245,Petrol,Second Owner,Manual,202900
Skoda,Kushaq,2013,170048,CNG,First Owner,Manual,179200
Skoda,Kushaq,2023,16691,Diesel,Second Owner,Automatic,775900
Skoda,Kushaq,2015,138592,Diesel,First Owner,Manual,248200
Skoda,Kushaq,2012,175670,CNG,First Owner,Manual,137700
Skoda,Kushaq,2018,99331,Petrol,First Owner,Manual,411200
Skoda,Kushaq,2007,279357,CNG,First Owner,Manual,67000
Skoda,Kushaq,2011,214556,Diesel,First Owner,Manual,153500
Skoda,Kushaq,2018,99723,CNG,Third Owner,Automatic,274700
Skoda,Kushaq,2012,189451,CNG,First Owner,Automatic,171400
Skoda,Kushaq,2022,34575,Petrol,First Owner,Manual,673700
Skoda,Kushaq,2005,271124,Diesel,Second Owner,Manual,65000
Skoda,Kushaq,2015,147657,Petrol,Third Owner,Manual,175000
Skoda,Kushaq,2016,130570,Diesel,Second Owner,Manual,239000
Skoda,Kushaq,2008,255341,CNG,First Owner,Manual,61000
Skoda,Kushaq,2006,273740,CNG,First Owner,Automatic,68800
Skoda,Kushaq,2014,143576,Petrol,Second Owner,Manual,189600
Skoda,Kushaq,2011,202867,Diesel,Second Owner,Automatic,135700
Skoda,Kushaq,2018,96641,Petrol,First Owner,Manual,378300
Skoda,Kushaq,2022,37381,Petrol,Second Owner,Automatic,604900
Skoda,Kushaq,2010,216099,Petrol,First Owner,Manual,101800
Skoda,Kushaq,2021,54489,CNG,Second Owner,Manual,498400
Skoda,Kushaq,2023,34376,Diesel,Third Owner,Manual,621900
Skoda,Kushaq,2022,24412,CNG,Second Owner,Automatic,615500
Renault,Kwid,2019,78867,Petrol,Third Owner,Automatic,227000
Renault,Kwid,2011,206107,Diesel,First Owner,Automatic,90500
Renault,Kwid,2007,262795,CNG,First Owner,Manual,37800
Renault,Kwid,2022,32194,Petrol,Second Owner,Manual,339700
Renault,Kwid,2009,234761,Petrol,Second Owner,Manual,37300
Renault,Kwid,2022,36641,Petrol,First Owner,Manual,365400
Renault,Kwid,2022,40179,CNG,First Owner,Manual,336400
Renault,Kwid,2011,203450,Petrol,Second Owner,Manual,66900
Renault,Kwid,2021,55177,Diesel,Second Owner,Manual,319000
Renault,Kwid,2015,146924,Diesel,First Owner,Manual,152000
Renault,Kwid,2005,291192,Petrol,Second Owner,Manual,36500
Renault,Kwid,2005,290251,Petrol,First Owner,Automatic,46500
Renault,Kwid,2023,30659,Diesel,Third Owner,Manual,344800
Renault,Kwid,2022,40953,CNG,First Owner,Automatic,395200
Renault,Kwid,2005,285410,Diesel,First Owner,Manual,45600
Renault,Kwid,2014,131560,Diesel,First Owner,Manual,137500
Renault,Kwid,2023,13624,CNG,Third Owner,Manual,283300
Renault,Kwid,2014,153362,CNG,Second Owner,Manual,93300
Renault,Kwid,2006,266030,Petrol,Second Owner,Manual,35000
Renault,Kwid,2012,184597,Diesel,First Owner,Manual,94800
Renault,Kwid,2021,49284,Diesel,Second Owner,Manual,297100
Renault,Kwid,2013,174503,CNG,First Owner,Manual,98400
Renault,Kwid,2016,123197,CNG,First Owner,Manual,150700
Renault,Kwid,2020,69542,Petrol,First Owner,Manual,292300
Renault,Kwid,2022,27742,Petrol,Second Owner,Automatic,405200
Renault,Kwid,2021,51862,Petrol,First Owner,Manual,347500
Renault,Kwid,2008,249046,CNG,First Owner,Manual,36600
Renault,Kwid,2005,285424,Diesel,Second Owner,Manual,39300
Renault,Kwid,2010,206336,Petrol,First Owner,Manual,63300
Renault,Kwid,2021,47336,CNG,First Owner,Manual,293400
Renault,Kwid,2007,265096,CNG,First Owner,Manual,36800
Renault,Kwid,2014,161279,Diesel,First Owner,Manual,136100
Renault,Kwid,2009,221300,CNG,First Owner,Manual,45600
Renault,Kwid,2013,179469,Petrol,First Owner,Manual,102400
Renault,Kwid,2017,120700,Diesel,Second Owner,Automatic,172100
Renault,Kwid,2017,126106,Petrol,Second Owner,Manual,149900
Renault,Kwid,2010,209496,CNG,First Owner,Manual,54800
Renault,Kwid,2018,114474,Diesel,Third Owner,Manual,173000
Renault,Kwid,2021,32115,Petrol,Second Owner,Manual,314200
Renault,Kwid,2021,49413,CNG,First Owner,Automatic,335700
Renault,Kwid,2009,215245,Petrol,Second Owner,Manual,38800
Renault,Kwid,2006,278231,Diesel,First Owner,Automatic,45700
Renault,Kwid,2016,128351,CNG,First Owner,Manual,139100
Renault,Kwid,2012,194186,Petrol,Second Owner,Manual,80700
Renault,Kwid,2019,67385,Petrol,First Owner,Manual,256800
Renault,Kwid,2023,17903,Petrol,Second Owner,Manual,354300
Renault,Kwid,2017,90868,Petrol,Third Owner,Automatic,179000
Renault,Kwid,2007,235644,CNG,Second Owner,Manual,35000
Renault,Kwid,2017,126814,Diesel,Second Owner,Manual,160700
Renault,Kwid,2005,301474,Petrol,Third Owner,Manual,35000
Renault,Kwid,2005,283810,Diesel,First Owner,Manual,43400
Renault,Kwid,2005,286281,Petrol,Second Owner,Manual,35200
Renault,Kwid,2020,64430,CNG,First Owner,Manual,266800
Renault,Kwid,2005,296509,CNG,Second Owner,Manual,35000
Renault,Kwid,2016,126841,Diesel,Second Owner,Automatic,173000
Renault,Kwid,2023,22061,Diesel,First Owner,Manual,434400
Renault,Kwid,2021,34888,CNG,First Owner,Automatic,347100
Renault,Kwid,2010,217165,Petrol,Second Owner,Manual,49200
Renault,Kwid,2019,78863,Petrol,First Owner,Automatic,296300
Renault,Kwid,2014,162172,Petrol,First Owner,Manual,123500
Renault,Duster,2016,115528,Diesel,First Owner,Automatic,197600
Renault,Duster,2006,264853,CNG,Second Owner,Manual,35000
Renault,Duster,2005,307799,Petrol,First Owner,Manual,38900
Renault,Duster,2007,252803,Petrol,First Owner,Manual,36900
Renault,Duster,2011,204021,Petrol,First Owner,Manual,69800
Renault,Duster,2018,97920,CNG,Second Owner,Manual,162500
Renault,Duster,2020,55864,Petrol,Second Owner,Automatic,312600
Renault,Duster,2014,159692,CNG,Third Owner,Manual,79400
Renault,Duster,2022,44795,Diesel,Second Owner,Manual,327100
Renault,Duster,2022,35305,CNG,Third Owner,Manual,241200
Renault,Duster,2012,178237,Petrol,First Owner,Manual,89100
Renault,Duster,2005,281266,CNG,Second Owner,Manual,35000
Renault,Duster,2023,16197,Diesel,Second Owner,Automatic,467100
Renault,Duster,2019,66083,Diesel,Second Owner,Manual,265400
Renault,Duster,2023,12005,CNG,Second Owner,Manual,364200
Renault,Duster,2014,147127,CNG,Second Owner,Automatic,110700
Renault,Duster,2019,88220,Petrol,First Owner,Manual,241100
Renault,Duster,2023,25192,Petrol,First Owner,Manual,401800
Renault,Duster,2021,57890,Petrol,Third Owner,Automatic,254700
Renault,Duster,2012,178246,Diesel,Second Owner,Automatic,93400
Renault,Duster,2023,2476,Diesel,Second Owner,Manual,426600
Renault,Duster,2009,223081,Diesel,Second Owner,Manual,42800
Renault,Duster,2005,286894,Petrol,First Owner,Automatic,45900
Renault,Duster,2021,46151,CNG,First Owner,Manual,317100
Renault,Duster,2016,114957,CNG,First Owner,Automatic,177900
Renault,Duster,2014,141143,Petrol,Third Owner,Automatic,106000
Renault,Duster,2008,262137,CNG,Second Owner,Manual,35000
Renault,Duster,2009,228009,Diesel,Second Owner,Manual,44600
Renault,Duster,2018,93117,CNG,First Owner,Manual,201000
Renault,Duster,2007,256996,Petrol,First Owner,Manual,39100
Renault,Duster,2009,231501,Diesel,Second Owner,Automatic,50600
Renault,Duster,2013,155561,Petrol,Second Owner,Manual,85600
Renault,Duster,2023,21978,CNG,First Owner,Automatic,457700
Renault,Duster,2010,208388,Diesel,Second Owner,Manual,58600
Renault,Duster,2021,42706,Diesel,First Owner,Manual,391100
Renault,Duster,2017,113197,CNG,First Owner,Manual,160800
Renault,Duster,2015,146642,Petrol,First Owner,Manual,133900
Renault,Duster,2013,156667,Petrol,First Owner,Manual,110300
Renault,Duster,2015,147716,Petrol,Third Owner,Manual,105900
Renault,Duster,2019,82741,CNG,First Owner,Manual,240400
Renault,Duster,2012,180877,Diesel,First Owner,Manual,95200
Renault,Duster,2006,270172,CNG,Third Owner,Automatic,35000
Renault,Duster,2018,89891,Diesel,First Owner,Automatic,283200
Renault,Duster,2020,55512,CNG,Second Owner,Manual,239700
Renault,Duster,2006,285262,CNG,First Owner,Automatic,37700
Renault,Duster,2021,48833,CNG,First Owner,Manual,293700
Renault,Duster,2011,196686,Petrol,Third Owner,Manual,58400
Renault,Duster,2010,215988,Petrol,First Owner,Automatic,63700
Renault,Duster,2022,43018,Petrol,Second Owner,Automatic,337400
Renault,Duster,2008,241051,Petrol,Second Owner,Manual,35000
Renault,Duster,2018,95724,CNG,First Owner,Manual,203000
Renault,Duster,2016,134573,Diesel,First Owner,Manual,149200
Renault,Duster,2022,33184,Petrol,Second Owner,Manual,334700
Renault,Duster,2006,281003,Petrol,Third Owner,Manual,35000
Renault,Duster,2008,239053,Petrol,First Owner,Manual,38000
Renault,Duster,2008,247745,Diesel,First Owner,Manual,40300
Renault,Duster,2019,79462,CNG,First Owner,Manual,217100
Renault,Duster,2010,205600,CNG,First Owner,Manual,58700
Renault,Duster,2022,36735,Petrol,First Owner,Automatic,414500
Renault,Duster,2023,16712,CNG,First Owner,Automatic,461400
Renault,Triber,2019,80853,Petrol,Third Owner,Manual,202100
Renault,Triber,2021,58386,Petrol,First Owner,Automatic,356200
Renault,Triber,2015,141760,CNG,First Owner,Automatic,139300
Renault,Triber,2018,108209,Diesel,Second Owner,Automatic,214800
Renault,Triber,2006,259545,Petrol,Third Owner,Manual,35000
Renault,Triber,2005,300838,Diesel,Second Owner,Manual,35100
Renault,Triber,2010,219769,Diesel,Second Owner,Manual,56100
Renault,Triber,2016,135209,Petrol,Second Owner,Manual,127500
Renault,Triber,2008,241845,Petrol,Second Owner,Manual,35900
Renault,Triber,2010,207484,Petrol,Third Owner,Manual,46000
Renault,Triber,2019,80620,CNG,Second Owner,Automatic,219700
Renault,Triber,2018,75094,CNG,Second Owner,Manual,194400
Renault,Triber,2005,293987,Petrol,Third Owner,Automatic,35700
Renault,Triber,2012,183789,CNG,Second Owner,Manual,74400
Renault,Triber,2013,163360,Petrol,First Owner,Manual,110100
Renault,Triber,2021,49692,CNG,Second Owner,Manual,258400
Renault,Triber,2019,73312,Petrol,Second Owner,Manual,223500
Renault,Triber,2010,208222,Petrol,Third Owner,Manual,44700
Renault,Triber,2011,179243,Petrol,First Owner,Manual,72500
Renault,Triber,2007,254771,CNG,First Owner,Manual,39200
Renault,Triber,2020,57837,CNG,First Owner,Manual,296500
Renault,Triber,2021,44041,Diesel,Second Owner,Manual,338500
Renault,Triber,2015,134740,CNG,First Owner,Manual,119300
Renault,Triber,2021,49465,Petrol,First Owner,Manual,341400
Renault,Triber,2012,176629,Petrol,Second Owner,Automatic,91000
Renault,Triber,2017,119063,Diesel,Second Owner,Manual,166100
Renault,Triber,2006,279054,Diesel,Third Owner,Manual,35000
Renault,Triber,2016,125790,Diesel,First Owner,Automatic,185600
Renault,Triber,2023,16539,CNG,First Owner,Manual,402800
Renault,Triber,2009,232716,CNG,First Owner,Manual,40900
Renault,Triber,2017,112741,Petrol,First Owner,Automatic,208800
Renault,Triber,2008,240035,Diesel,First Owner,Manual,44000
Renault,Triber,2015,145254,CNG,Third Owner,Manual,98100
Renault,Triber,2015,152484,Diesel,First Owner,Manual,141800
Renault,Triber,2023,22183,Diesel,First Owner,Automatic,497500
Renault,Triber,2012,197126,CNG,First Owner,Manual,80900
Renault,Triber,2005,298853,Diesel,Third Owner,Automatic,36300
Renault,Triber,2005,287223,CNG,First Owner,Manual,37500
Renault,Triber,2013,170848,CNG,Second Owner,Automatic,99400
Renault,Triber,2023,25187,Petrol,Third Owner,Manual,310700
Renault,Triber,2020,67719,CNG,First Owner,Manual,279200
Renault,Triber,2007,264585,Diesel,First Owner,Manual,41600
Renault,Triber,2019,91705,Petrol,First Owner,Manual,236400
Renault,Triber,2011,209380,Diesel,First Owner,Automatic,91400
Renault,Triber,2012,187629,Diesel,First Owner,Automatic,104500
Renault,Triber,2009,221694,CNG,Third Owner,Automatic,35000
Renault,Triber,2007,267294,Diesel,First Owner,Manual,46200
Renault,Triber,2023,21639,CNG,First Owner,Manual,401600
Renault,Triber,2009,230045,Diesel,First Owner,Automatic,56100
Renault,Triber,2016,124071,Diesel,First Owner,Manual,165600
Renault,Triber,2018,77748,CNG,First Owner,Automatic,243500
Renault,Triber,2019,90044,Diesel,First Owner,Manual,262700
Renault,Triber,2015,117184,CNG,First Owner,Manual,141000
Renault,Triber,2018,93534,Diesel,Second Owner,Manual,215000
Renault,Triber,2014,156842,CNG,Third Owner,Automatic,96400
Renault,Triber,2018,98777,Diesel,First Owner,Automatic,240300
Renault,Triber,2006,288870,Diesel,Second Owner,Manual,39500
Renault,Triber,2007,263829,Petrol,First Owner,Automatic,47100
Renault,Triber,2008,249913,Petrol,First Owner,Manual,39500
Renault,Triber,2021,34653,Petrol,Second Owner,Manual,320200
Renault,Kiger,2008,243616,CNG,First Owner,Manual,36900
Renault,Kiger,2020,71396,Petrol,First Owner,Automatic,344600
Renault,Kiger,2012,169836,Diesel,Second Owner,Manual,83200
Renault,Kiger,2005,297959,Petrol,First Owner,Manual,41100
Renault,Kiger,2010,220761,Petrol,First Owner,Automatic,64400
Renault,Kiger,2022,31796,Petrol,Second Owner,Manual,309000
Renault,Kiger,2011,187117,CNG,First Owner,Manual,64700
Renault,Kiger,2017,99801,CNG,First Owner,Manual,173800
Renault,Kiger,2013,164608,CNG,First Owner,Manual,90800
Renault,Kiger,2020,65354,Diesel,First Owner,Manual,314000
Renault,Kiger,2010,222397,Diesel,First Owner,Automatic,74200
Renault,Kiger,2013,164614,Diesel,First Owner,Manual,113900
Renault,Kiger,2006,269930,CNG,Second Owner,Automatic,36900
Renault,Kiger,2017,119883,CNG,Second Owner,Manual,139400
Renault,Kiger,2022,43660,Petrol,Second Owner,Manual,315400
Renault,Kiger,2011,190664,Petrol,First Owner,Manual,71800
Renault,Kiger,2023,8317,Petrol,First Owner,Manual,446400
Renault,Kiger,2023,2717,CNG,First Owner,Manual,391800
Renault,Kiger,2008,243453,CNG,Third Owner,Manual,35000
Renault,Kiger,2022,20743,CNG,First Owner,Automatic,398300
Renault,Kiger,2016,123237,CNG,Third Owner,Manual,106100
Renault,Kiger,2014,149274,Diesel,First Owner,Manual,131300
Renault,Kiger,2020,67826,Diesel,First Owner,Manual,304600
Renault,Kiger,2013,184262,CNG,Second Owner,Automatic,95100
Renault,Kiger,2008,248683,CNG,First Owner,Manual,35000
Renault,Kiger,2007,267887,Petrol,First Owner,Manual,42100
Renault,Kiger,2019,81076,CNG,First Owner,Manual,248400
Renault,Kiger,2015,122449,Petrol,Second Owner,Manual,133100
Renault,Kiger,2012,186301,CNG,Second Owner,Manual,75200
Renault,Kiger,2017,111397,CNG,Second Owner,Automatic,167600
Renault,Kiger,2010,217345,CNG,First Owner,Automatic,64400
Renault,Kiger,2019,80565,CNG,First Owner,Automatic,259700
Renault,Kiger,2011,195536,Diesel,Second Owner,Manual,67700
Renault,Kiger,2022,23001,Diesel,Third Owner,Automatic,382000
Renault,Kiger,2006,276918,Diesel,First Owner,Manual,39900
Renault,Kiger,2023,26167,CNG,First Owner,Manual,371600
Renault,Kiger,2010,230551,CNG,Third Owner,Automatic,43300
Renault,Kiger,2009,225385,CNG,Second Owner,Automatic,42900
Renault,Kiger,2023,19946,Petrol,First Owner,Manual,433900
Renault,Kiger,2021,38184,Petrol,First Owner,Automatic,417600
Renault,Kiger,2023,12222,Petrol,Second Owner,Manual,385100
Renault,Kiger,2008,249560,Petrol,First Owner,Manual,41100
Renault,Kiger,2008,246064,CNG,Third Owner,Automatic,35000
Renault,Kiger,2009,233866,Petrol,First Owner,Automatic,53200
Renault,Kiger,2008,251168,Petrol,Third Owner,Manual,35000
Renault,Kiger,2006,280282,Diesel,First Owner,Manual,44400
Renault,Kiger,2021,51160,Petrol,Third Owner,Manual,237900
Renault,Kiger,2014,136466,CNG,First Owner,Manual,104200
Renault,Kiger,2005,285290,CNG,Second Owner,Automatic,35000
Renault,Kiger,2014,147543,Petrol,First Owner,Manual,124300
Renault,Kiger,2017,106892,Diesel,Third Owner,Manual,149600
Renault,Kiger,2009,226879,Petrol,Second Owner,Manual,37100
Renault,Kiger,2023,25372,Diesel,Second Owner,Automatic,406600
Renault,Kiger,2005,304536,Petrol,Second Owner,Manual,35000
Renault,Kiger,2023,18515,Petrol,First Owner,Manual,401200
Renault,Kiger,2011,200032,Diesel,Third Owner,Manual,61300
Renault,Kiger,2017,103639,Petrol,Second Owner,Manual,156700
Renault,Kiger,2009,247012,Petrol,First Owner,Manual,42900
Renault,Kiger,2008,241926,Petrol,Second Owner,Manual,35000
Renault,Kiger,2006,278629,Diesel,Second Owner,Automatic,41200
